Customer_ID,Age,Gender,Annual_Income,Credit_Score,City,Employment_Type
C1000,59,Male,1099484,684,Delhi,Salaried
C1001,49,Female,883650,636,Bengaluru,Salaried
C1002,35,Female,1779295,656,Mumbai,Business
C1003,63,Female,1466936,744,Delhi,Salaried
C1004,28,Female,524855,825,Hyderabad,Salaried
C1005,41,Male,1735979,730,Kolkata,Salaried
C1006,59,Male,1254961,610,Ahmedabad,Salaried
C1007,39,Female,611374,733,Bengaluru,Business
C1008,43,Male,1644811,790,Delhi,Salaried
C1009,31,Female,460783,654,Ahmedabad,Salaried
C1010,31,Female,1314106,690,Bengaluru,Self-Employed
C1011,44,Female,463707,701,Delhi,Salaried
C1012,56,Male,557816,641,Mumbai,Salaried
C1013,60,Female,1658236,749,Hyderabad,Salaried
C1014,44,Female,1166420,691,Hyderabad,Self-Employed
C1015,23,Female,1630503,731,Pune,Business
C1016,42,Male,525114,633,Delhi,Self-Employed
C1017,22,Male,423373,667,Bengaluru,Salaried
C1018,44,Female,527697,754,Hyderabad,Business
C1019,64,Male,1390355,672,Kolkata,Salaried
C1020,50,Male,1398758,830,Hyderabad,Salaried
C1021,58,Male,1226914,670,Chennai,Salaried
C1022,22,Male,1136331,717,Chennai,Salaried
C1023,41,Male,1466836,770,Hyderabad,Salaried
C1024,53,Male,1103159,594,Delhi,Self-Employed
C1025,32,Male,1151129,568,Pune,Business
C1026,42,Male,826701,586,Hyderabad,Salaried
C1027,64,Male,966958,795,Mumbai,Salaried
C1028,45,Male,510904,659,Ahmedabad,Salaried
C1029,47,Female,1276413,850,Bengaluru,Salaried
C1030,62,Female,698349,658,Pune,Self-Employed
C1031,48,Male,964838,714,Mumbai,Salaried
C1032,36,Female,977968,816,Pune,Business
C1033,35,Female,1781405,850,Mumbai,Salaried
C1034,64,Male,259083,850,Bengaluru,Salaried
C1035,23,Male,738819,791,Bengaluru,Salaried
C1036,57,Male,1499432,777,Chennai,Salaried
C1037,27,Female,1594821,744,Delhi,Salaried
C1038,41,Female,957147,758,Mumbai,Self-Employed
C1039,29,Male,1228382,659,Ahmedabad,Salaried
C1040,59,Male,834037,639,Chennai,Self-Employed
C1041,38,Male,1218836,700,Mumbai,Salaried
C1042,24,Female,1021047,687,Chennai,Salaried
C1043,45,Female,786791,666,Bengaluru,Salaried
C1044,34,Female,1482922,752,Pune,Business
C1045,29,Female,789996,772,Kolkata,Salaried
C1046,46,Male,895472,707,Chennai,Self-Employed
C1047,22,Male,1224244,811,Mumbai,Salaried
C1048,40,Male,958513,614,Mumbai,Self-Employed
C1049,48,Male,1386237,685,Kolkata,Salaried
C1050,27,Female,340081,646,Delhi,Self-Employed
C1051,64,Female,568590,560,Ahmedabad,Self-Employed
C1052,28,Male,1073093,694,Bengaluru,Business
C1053,55,Male,861503,691,Mumbai,Salaried
C1054,34,Female,1234730,814,Hyderabad,Salaried
C1055,37,Male,857164,747,Pune,Salaried
C1056,56,Female,1139192,623,Chennai,Business
C1057,60,Male,1292864,839,Delhi,Salaried
C1058,24,Male,231195,792,Ahmedabad,Self-Employed
C1059,22,Male,462725,744,Kolkata,Salaried
C1060,26,Male,625864,683,Pune,Salaried
C1061,62,Male,472231,628,Bengaluru,Salaried
C1062,24,Male,885290,672,Delhi,Business
C1063,49,Male,344053,782,Ahmedabad,Self-Employed
C1064,38,Female,773586,841,Chennai,Business
C1065,46,Female,1665200,816,Chennai,Salaried
C1066,64,Female,1268075,663,Kolkata,Self-Employed
C1067,54,Female,1616536,616,Hyderabad,Self-Employed
C1068,30,Female,625485,711,Kolkata,Salaried
C1069,56,Male,1473774,567,Bengaluru,Business
C1070,34,Male,1696111,724,Delhi,Business
C1071,51,Female,1539507,689,Delhi,Business
C1072,35,Male,1526208,665,Mumbai,Self-Employed
C1073,28,Female,516585,580,Hyderabad,Salaried
C1074,34,Female,202431,739,Hyderabad,Salaried
C1075,43,Male,1552401,660,Delhi,Business
C1076,60,Male,1423131,612,Delhi,Salaried
C1077,41,Male,827008,485,Pune,Self-Employed
C1078,36,Female,753441,698,Ahmedabad,Self-Employed
C1079,65,Male,448512,833,Pune,Self-Employed
C1080,38,Female,1078792,825,Pune,Business
C1081,44,Female,356076,666,Hyderabad,Salaried
C1082,46,Female,1448300,655,Mumbai,Salaried
C1083,45,Male,1543046,735,Chennai,Salaried
C1084,65,Male,858758,625,Pune,Salaried
C1085,61,Female,933753,723,Mumbai,Salaried
C1086,49,Male,230861,757,Kolkata,Salaried
C1087,35,Male,1566617,792,Bengaluru,Business
C1088,65,Male,1441553,692,Pune,Business
C1089,21,Female,831406,685,Kolkata,Salaried
C1090,45,Female,901001,634,Chennai,Salaried
C1091,27,Male,189078,638,Bengaluru,Business
C1092,29,Female,504912,683,Bengaluru,Salaried
C1093,44,Male,1038058,728,Chennai,Salaried
C1094,21,Male,1024092,769,Pune,Salaried
C1095,64,Male,1147290,640,Hyderabad,Self-Employed
C1096,28,Male,1623717,812,Chennai,Salaried
C1097,44,Female,395048,680,Chennai,Business
C1098,31,Female,940581,698,Chennai,Salaried
C1099,37,Female,1096838,644,Bengaluru,Salaried
C1100,28,Male,829438,518,Ahmedabad,Salaried
C1101,55,Male,1385663,766,Mumbai,Salaried
C1102,55,Male,213320,755,Kolkata,Self-Employed
C1103,53,Female,507025,679,Hyderabad,Self-Employed
C1104,25,Male,795115,705,Pune,Self-Employed
C1105,62,Female,1741863,739,Pune,Self-Employed
C1106,59,Female,544359,583,Kolkata,Business
C1107,61,Female,1123793,660,Mumbai,Business
C1108,48,Female,1488507,760,Chennai,Self-Employed
C1109,27,Female,1123187,606,Ahmedabad,Salaried
C1110,29,Female,586845,722,Hyderabad,Salaried
C1111,28,Male,1777690,598,Pune,Salaried
C1112,32,Male,280734,735,Kolkata,Self-Employed
C1113,54,Female,337702,697,Delhi,Salaried
C1114,53,Female,934122,579,Ahmedabad,Salaried
C1115,43,Male,1405811,787,Kolkata,Business
C1116,44,Female,1327087,645,Ahmedabad,Business
C1117,57,Female,1163939,639,Pune,Business
C1118,55,Male,1502373,715,Chennai,Salaried
C1119,64,Female,786229,786,Delhi,Self-Employed
C1120,60,Female,909497,624,Mumbai,Salaried
C1121,42,Female,278818,705,Hyderabad,Salaried
C1122,47,Male,1153950,732,Mumbai,Salaried
C1123,55,Male,332360,752,Mumbai,Salaried
C1124,21,Male,799369,713,Kolkata,Salaried
C1125,55,Female,741165,672,Ahmedabad,Business
C1126,57,Female,553706,638,Hyderabad,Salaried
C1127,34,Male,1112817,706,Hyderabad,Self-Employed
C1128,23,Female,1440533,620,Pune,Salaried
C1129,21,Female,252715,481,Pune,Salaried
C1130,25,Female,321398,733,Hyderabad,Salaried
C1131,46,Female,1747628,768,Delhi,Salaried
C1132,34,Female,1361208,523,Bengaluru,Self-Employed
C1133,59,Male,1045580,624,Pune,Salaried
C1134,47,Female,263186,746,Bengaluru,Salaried
C1135,29,Male,1379670,850,Kolkata,Salaried
C1136,35,Female,774604,702,Delhi,Salaried
C1137,35,Male,1256956,645,Hyderabad,Business
C1138,46,Female,814486,686,Delhi,Salaried
C1139,62,Male,444500,803,Pune,Self-Employed
C1140,33,Female,250326,652,Mumbai,Self-Employed
C1141,52,Male,1058879,640,Kolkata,Business
C1142,59,Female,819282,664,Hyderabad,Business
C1143,52,Male,400971,629,Chennai,Self-Employed
C1144,24,Female,986481,709,Kolkata,Self-Employed
C1145,50,Male,1697509,822,Ahmedabad,Business
C1146,57,Male,1397060,724,Bengaluru,Salaried
C1147,43,Female,1211519,681,Delhi,Salaried
C1148,59,Female,969352,678,Hyderabad,Salaried
C1149,65,Male,664410,583,Kolkata,Business
C1150,35,Female,1570281,766,Delhi,Business
C1151,63,Male,405314,694,Hyderabad,Salaried
C1152,49,Male,1667292,686,Pune,Self-Employed
C1153,56,Male,1720448,850,Kolkata,Salaried
C1154,33,Female,696998,722,Pune,Salaried
C1155,52,Male,1127531,644,Kolkata,Business
C1156,27,Male,1748560,668,Pune,Salaried
C1157,42,Female,645757,786,Ahmedabad,Salaried
C1158,48,Female,1603060,708,Delhi,Self-Employed
C1159,22,Female,688062,592,Chennai,Self-Employed
C1160,62,Female,312028,769,Kolkata,Salaried
C1161,65,Male,411447,650,Ahmedabad,Self-Employed
C1162,26,Male,1040563,840,Kolkata,Salaried
C1163,48,Male,1669700,781,Pune,Salaried
C1164,48,Male,1175843,666,Hyderabad,Salaried
C1165,64,Female,806045,796,Kolkata,Self-Employed
C1166,64,Male,1661235,705,Ahmedabad,Salaried
C1167,40,Male,481207,764,Pune,Business
C1168,50,Female,1604945,736,Mumbai,Business
C1169,31,Male,1607120,637,Pune,Business
C1170,48,Male,1571538,652,Delhi,Salaried
C1171,45,Male,446847,777,Chennai,Business
C1172,59,Male,900488,675,Mumbai,Salaried
C1173,53,Male,776387,670,Delhi,Salaried
C1174,21,Male,599065,628,Delhi,Salaried
C1175,47,Female,867220,732,Delhi,Salaried
C1176,33,Female,211585,850,Hyderabad,Self-Employed
C1177,61,Male,1643807,620,Delhi,Salaried
C1178,23,Male,1175043,702,Hyderabad,Salaried
C1179,59,Female,1796449,806,Delhi,Self-Employed
C1180,26,Male,469102,694,Bengaluru,Salaried
C1181,28,Male,1516737,734,Ahmedabad,Self-Employed
C1182,47,Male,1615397,620,Mumbai,Salaried
C1183,29,Female,1142854,732,Bengaluru,Business
C1184,57,Male,459922,686,Delhi,Business
C1185,53,Female,880601,774,Mumbai,Salaried
C1186,62,Male,1270805,789,Mumbai,Salaried
C1187,64,Female,1315228,850,Kolkata,Salaried
C1188,44,Female,1094699,743,Chennai,Business
C1189,35,Male,429474,724,Bengaluru,Salaried
C1190,52,Female,1092935,715,Chennai,Salaried
C1191,52,Male,440116,674,Mumbai,Salaried
C1192,44,Female,1051310,725,Hyderabad,Salaried
C1193,61,Male,1124994,678,Mumbai,Salaried
C1194,32,Male,700985,713,Chennai,Business
C1195,59,Female,199975,799,Bengaluru,Salaried
C1196,22,Male,337795,625,Delhi,Salaried
C1197,23,Male,1645071,785,Kolkata,Business
C1198,57,Female,1437949,799,Kolkata,Business
C1199,37,Male,1109065,691,Kolkata,Salaried
C1200,22,Male,1204939,541,Delhi,Salaried
C1201,22,Female,1425709,654,Kolkata,Salaried
C1202,48,Female,1054829,797,Bengaluru,Business
C1203,43,Male,1523862,698,Delhi,Salaried
C1204,57,Male,1404613,625,Kolkata,Business
C1205,52,Female,568076,662,Delhi,Self-Employed
C1206,53,Female,840008,763,Chennai,Salaried
C1207,21,Male,870493,741,Ahmedabad,Salaried
C1208,39,Female,1148181,682,Ahmedabad,Salaried
C1209,22,Male,800347,672,Bengaluru,Salaried
C1210,64,Male,1192092,671,Pune,Salaried
C1211,46,Male,802605,631,Hyderabad,Self-Employed
C1212,52,Male,905495,821,Kolkata,Business
C1213,26,Male,1525766,676,Hyderabad,Self-Employed
C1214,52,Female,1668856,791,Delhi,Self-Employed
C1215,24,Female,281459,814,Hyderabad,Salaried
C1216,31,Female,941985,775,Bengaluru,Salaried
C1217,37,Female,380422,668,Bengaluru,Salaried
C1218,58,Male,1330096,730,Mumbai,Self-Employed
C1219,44,Male,765560,698,Ahmedabad,Business
C1220,25,Male,927512,632,Kolkata,Self-Employed
C1221,54,Male,696123,724,Mumbai,Salaried
C1222,26,Female,1558369,612,Hyderabad,Salaried
C1223,42,Male,506818,789,Pune,Self-Employed
C1224,31,Male,1216548,665,Mumbai,Salaried
C1225,36,Female,324832,715,Mumbai,Business
C1226,53,Female,332999,721,Bengaluru,Business
C1227,29,Female,528619,681,Pune,Self-Employed
C1228,26,Female,241367,744,Delhi,Salaried
C1229,36,Male,933315,664,Hyderabad,Salaried
C1230,49,Male,585804,765,Mumbai,Salaried
C1231,23,Female,1088182,599,Pune,Salaried
C1232,40,Male,937038,709,Ahmedabad,Salaried
C1233,56,Male,1464382,845,Kolkata,Self-Employed
C1234,39,Male,1084586,625,Pune,Self-Employed
C1235,46,Female,1273314,649,Ahmedabad,Salaried
C1236,23,Male,737685,739,Hyderabad,Salaried
C1237,39,Female,1572909,713,Pune,Salaried
C1238,40,Male,1567087,726,Ahmedabad,Salaried
C1239,52,Male,1222377,737,Pune,Business
C1240,27,Male,382332,748,Pune,Salaried
C1241,61,Female,562729,783,Kolkata,Salaried
C1242,53,Male,1340029,731,Ahmedabad,Salaried
C1243,60,Female,1248392,682,Ahmedabad,Business
C1244,59,Female,1139744,750,Mumbai,Self-Employed
C1245,38,Female,1103780,842,Hyderabad,Salaried
C1246,60,Male,949299,690,Kolkata,Salaried
C1247,21,Male,1645291,627,Pune,Self-Employed
C1248,31,Male,1186080,783,Pune,Business
C1249,48,Male,551000,691,Mumbai,Salaried
C1250,45,Female,393567,537,Hyderabad,Business
C1251,43,Female,1743509,764,Bengaluru,Business
C1252,51,Female,775923,660,Kolkata,Business
C1253,50,Male,396184,693,Mumbai,Self-Employed
C1254,62,Female,478090,725,Hyderabad,Self-Employed
C1255,55,Male,497348,714,Kolkata,Salaried
C1256,27,Female,1411534,753,Pune,Self-Employed
C1257,36,Male,1169156,667,Hyderabad,Salaried
C1258,46,Male,1506283,738,Hyderabad,Self-Employed
C1259,22,Female,272324,681,Delhi,Salaried
C1260,21,Female,403536,755,Hyderabad,Self-Employed
C1261,32,Female,1500567,746,Bengaluru,Business
C1262,25,Female,206155,630,Hyderabad,Salaried
C1263,57,Male,521815,781,Bengaluru,Business
C1264,52,Female,640494,660,Pune,Salaried
C1265,29,Female,329381,761,Bengaluru,Business
C1266,61,Female,1360267,728,Kolkata,Salaried
C1267,55,Male,1704986,838,Pune,Salaried
C1268,39,Male,623324,683,Pune,Business
C1269,36,Female,214707,674,Bengaluru,Salaried
C1270,23,Male,1117841,699,Ahmedabad,Business
C1271,40,Female,1747053,677,Mumbai,Salaried
C1272,44,Male,926788,760,Chennai,Salaried
C1273,53,Male,533299,579,Ahmedabad,Salaried
C1274,44,Male,1387068,621,Hyderabad,Self-Employed
C1275,31,Male,1702688,620,Delhi,Salaried
C1276,28,Female,350102,771,Chennai,Salaried
C1277,56,Female,574274,828,Hyderabad,Salaried
C1278,58,Female,397285,692,Ahmedabad,Salaried
C1279,60,Male,1566980,687,Ahmedabad,Business
C1280,40,Female,1388052,705,Hyderabad,Business
C1281,55,Female,938842,787,Pune,Salaried
C1282,45,Female,1202788,630,Hyderabad,Self-Employed
C1283,55,Male,1389504,718,Delhi,Salaried
C1284,45,Male,1030610,773,Ahmedabad,Self-Employed
C1285,49,Male,476141,738,Hyderabad,Business
C1286,38,Female,1123115,714,Bengaluru,Business
C1287,38,Female,1477076,775,Chennai,Salaried
C1288,22,Female,1360887,497,Bengaluru,Self-Employed
C1289,55,Male,425546,751,Delhi,Salaried
C1290,36,Male,1425309,651,Hyderabad,Business
C1291,61,Female,831233,563,Kolkata,Salaried
C1292,56,Male,1798136,738,Delhi,Self-Employed
C1293,53,Male,1221592,803,Pune,Self-Employed
C1294,24,Male,326470,690,Bengaluru,Self-Employed
C1295,53,Male,824318,771,Bengaluru,Salaried
C1296,34,Female,1547223,821,Mumbai,Business
C1297,41,Male,1235146,799,Hyderabad,Salaried
C1298,40,Male,510929,823,Pune,Self-Employed
C1299,28,Male,1761974,756,Kolkata,Salaried
C1300,27,Male,1727691,706,Bengaluru,Salaried
C1301,23,Female,259141,580,Bengaluru,Salaried
C1302,37,Female,192115,682,Pune,Salaried
C1303,53,Male,1267638,637,Delhi,Salaried
C1304,32,Male,989343,850,Delhi,Salaried
C1305,42,Male,1523276,687,Hyderabad,Salaried
C1306,42,Male,570479,709,Ahmedabad,Self-Employed
C1307,50,Male,1754833,741,Mumbai,Business
C1308,58,Male,1010185,703,Bengaluru,Salaried
C1309,58,Female,577686,827,Ahmedabad,Salaried
C1310,65,Male,1350439,653,Ahmedabad,Salaried
C1311,28,Female,976657,715,Mumbai,Salaried
C1312,47,Female,1729652,644,Ahmedabad,Self-Employed
C1313,47,Male,827296,601,Ahmedabad,Self-Employed
C1314,54,Female,1729302,654,Delhi,Salaried
C1315,41,Female,1205799,697,Delhi,Salaried
C1316,50,Female,980101,668,Chennai,Salaried
C1317,53,Female,1224257,648,Kolkata,Business
C1318,48,Female,228320,595,Hyderabad,Business
C1319,53,Female,1144918,694,Ahmedabad,Salaried
C1320,25,Male,676758,587,Chennai,Salaried
C1321,39,Female,1375225,757,Kolkata,Business
C1322,24,Female,1353930,706,Chennai,Business
C1323,55,Female,792297,591,Chennai,Salaried
C1324,37,Male,628625,677,Hyderabad,Salaried
C1325,64,Female,208625,644,Hyderabad,Salaried
C1326,48,Male,916400,724,Pune,Self-Employed
C1327,50,Female,1514809,801,Mumbai,Salaried
C1328,49,Male,1265063,559,Mumbai,Salaried
C1329,26,Male,1687630,709,Pune,Self-Employed
C1330,55,Female,1456647,688,Pune,Salaried
C1331,61,Female,668011,750,Delhi,Self-Employed
C1332,57,Male,1540858,716,Kolkata,Salaried
C1333,44,Female,1402471,644,Chennai,Salaried
C1334,49,Male,610424,676,Ahmedabad,Self-Employed
C1335,51,Male,496205,640,Pune,Salaried
C1336,55,Male,1128163,781,Bengaluru,Business
C1337,53,Male,1227328,702,Mumbai,Salaried
C1338,41,Male,281376,843,Pune,Salaried
C1339,52,Female,1653682,695,Bengaluru,Self-Employed
C1340,43,Male,1013487,647,Bengaluru,Salaried
C1341,53,Male,947629,586,Bengaluru,Business
C1342,23,Female,1510228,565,Delhi,Salaried
C1343,38,Male,1700708,581,Delhi,Salaried
C1344,45,Female,338056,720,Ahmedabad,Salaried
C1345,62,Female,814457,738,Ahmedabad,Salaried
C1346,51,Female,740347,581,Bengaluru,Business
C1347,23,Male,642785,767,Kolkata,Business
C1348,60,Male,1728229,664,Delhi,Salaried
C1349,44,Male,1212766,711,Chennai,Salaried
C1350,52,Female,709992,821,Bengaluru,Business
C1351,42,Male,1158080,767,Chennai,Business
C1352,43,Female,908744,680,Chennai,Salaried
C1353,22,Male,922488,633,Bengaluru,Salaried
C1354,47,Female,815567,539,Mumbai,Salaried
C1355,62,Male,862568,646,Kolkata,Business
C1356,22,Male,822804,684,Bengaluru,Salaried
C1357,46,Male,702828,626,Ahmedabad,Salaried
C1358,37,Female,658366,690,Bengaluru,Self-Employed
C1359,60,Female,901384,706,Delhi,Salaried
C1360,53,Male,1137386,683,Bengaluru,Salaried
C1361,29,Male,599139,651,Mumbai,Salaried
C1362,63,Female,699777,713,Delhi,Salaried
C1363,59,Female,1604764,733,Ahmedabad,Salaried
C1364,49,Female,412549,618,Hyderabad,Salaried
C1365,62,Male,1782029,806,Hyderabad,Salaried
C1366,46,Female,664965,693,Chennai,Self-Employed
C1367,55,Male,970546,701,Kolkata,Business
C1368,45,Female,1162469,753,Chennai,Self-Employed
C1369,44,Male,216321,717,Mumbai,Salaried
C1370,33,Female,515441,771,Pune,Salaried
C1371,27,Female,1473590,722,Ahmedabad,Salaried
C1372,56,Female,336498,654,Kolkata,Salaried
C1373,65,Female,1246348,727,Ahmedabad,Salaried
C1374,40,Female,970144,614,Hyderabad,Self-Employed
C1375,21,Male,574583,708,Chennai,Salaried
C1376,28,Female,418389,698,Ahmedabad,Salaried
C1377,36,Female,819430,684,Hyderabad,Salaried
C1378,34,Female,1280500,690,Mumbai,Self-Employed
C1379,32,Male,1756590,559,Mumbai,Salaried
C1380,43,Female,1579872,659,Pune,Self-Employed
C1381,35,Male,1256299,707,Ahmedabad,Salaried
C1382,48,Female,938470,712,Pune,Business
C1383,54,Female,844468,623,Delhi,Business
C1384,22,Male,388786,795,Kolkata,Salaried
C1385,52,Female,1788507,635,Ahmedabad,Salaried
C1386,43,Male,866684,773,Mumbai,Salaried
C1387,42,Male,1443008,732,Chennai,Salaried
C1388,45,Female,1208400,652,Hyderabad,Self-Employed
C1389,42,Male,1368575,833,Bengaluru,Business
C1390,42,Female,1060112,610,Pune,Self-Employed
C1391,62,Female,538690,769,Bengaluru,Business
C1392,26,Male,1119947,775,Ahmedabad,Salaried
C1393,35,Male,259973,650,Chennai,Salaried
C1394,63,Male,814122,804,Pune,Self-Employed
C1395,57,Male,1228173,681,Bengaluru,Salaried
C1396,53,Female,1682025,722,Kolkata,Self-Employed
C1397,28,Female,467681,720,Chennai,Salaried
C1398,64,Male,674509,690,Hyderabad,Salaried
C1399,64,Female,1775476,761,Kolkata,Business
C1400,25,Female,405049,760,Chennai,Salaried
C1401,59,Female,1497191,569,Delhi,Business
C1402,24,Female,346703,798,Pune,Business
C1403,26,Male,944357,575,Mumbai,Self-Employed
C1404,65,Male,927419,777,Hyderabad,Self-Employed
C1405,52,Female,1259924,785,Ahmedabad,Self-Employed
C1406,50,Male,1424380,618,Kolkata,Business
C1407,55,Male,315832,669,Kolkata,Salaried
C1408,60,Male,1523499,617,Bengaluru,Salaried
C1409,36,Female,463780,684,Pune,Self-Employed
C1410,33,Female,1282127,677,Ahmedabad,Salaried
C1411,62,Female,584772,758,Mumbai,Salaried
C1412,50,Male,751107,798,Chennai,Salaried
C1413,39,Female,1564490,805,Mumbai,Self-Employed
C1414,37,Female,1188559,658,Pune,Business
C1415,39,Male,600182,684,Pune,Salaried
C1416,48,Female,1441357,574,Delhi,Business
C1417,46,Female,1681681,640,Delhi,Self-Employed
C1418,57,Male,862347,772,Mumbai,Business
C1419,46,Male,1202378,821,Chennai,Self-Employed
C1420,43,Male,893708,607,Mumbai,Self-Employed
C1421,29,Female,728884,656,Pune,Salaried
C1422,32,Female,1030538,698,Pune,Business
C1423,21,Female,1205014,721,Bengaluru,Salaried
C1424,21,Male,1167471,639,Delhi,Business
C1425,54,Male,239182,732,Ahmedabad,Business
C1426,52,Female,529307,664,Ahmedabad,Salaried
C1427,45,Female,481454,699,Ahmedabad,Salaried
C1428,60,Male,1546808,741,Bengaluru,Self-Employed
C1429,65,Male,1368554,700,Hyderabad,Salaried
C1430,21,Male,1003346,667,Ahmedabad,Business
C1431,36,Male,1076782,692,Pune,Salaried
C1432,59,Female,1798243,693,Bengaluru,Salaried
C1433,25,Male,1700404,672,Mumbai,Business
C1434,42,Female,950188,681,Delhi,Self-Employed
C1435,49,Female,438517,820,Delhi,Business
C1436,23,Female,1135154,742,Chennai,Salaried
C1437,32,Male,1668673,678,Mumbai,Self-Employed
C1438,46,Male,1537133,752,Chennai,Self-Employed
C1439,36,Male,317084,675,Bengaluru,Self-Employed
C1440,57,Male,885475,788,Kolkata,Self-Employed
C1441,42,Female,762004,728,Ahmedabad,Self-Employed
C1442,49,Male,1060179,692,Hyderabad,Salaried
C1443,34,Male,928013,734,Mumbai,Salaried
C1444,48,Female,871738,582,Mumbai,Self-Employed
C1445,25,Male,1432078,615,Mumbai,Salaried
C1446,50,Female,324539,610,Chennai,Self-Employed
C1447,25,Female,604226,711,Bengaluru,Salaried
C1448,32,Female,1750439,830,Mumbai,Self-Employed
C1449,36,Female,1350575,850,Kolkata,Self-Employed
C1450,46,Female,1343369,748,Mumbai,Salaried
C1451,46,Female,1685949,738,Delhi,Salaried
C1452,41,Female,1598897,565,Ahmedabad,Salaried
C1453,59,Female,192289,659,Hyderabad,Self-Employed
C1454,56,Male,880336,641,Ahmedabad,Business
C1455,53,Male,878956,653,Delhi,Salaried
C1456,50,Male,1485944,687,Delhi,Self-Employed
C1457,57,Male,266365,665,Hyderabad,Salaried
C1458,43,Female,934950,552,Kolkata,Salaried
C1459,30,Male,355211,756,Bengaluru,Business
C1460,25,Female,1408361,620,Delhi,Salaried
C1461,56,Male,1301164,718,Bengaluru,Salaried
C1462,54,Male,243646,850,Delhi,Salaried
C1463,51,Male,445798,631,Pune,Salaried
C1464,30,Female,1710814,510,Hyderabad,Salaried
C1465,39,Male,909532,679,Delhi,Salaried
C1466,52,Female,1103945,783,Pune,Self-Employed
C1467,21,Female,1348311,847,Ahmedabad,Salaried
C1468,25,Male,335683,608,Chennai,Salaried
C1469,65,Male,1086323,737,Pune,Salaried
C1470,24,Male,812259,665,Mumbai,Salaried
C1471,36,Female,716437,692,Delhi,Self-Employed
C1472,44,Male,1590822,850,Pune,Business
C1473,36,Female,1549909,587,Bengaluru,Salaried
C1474,22,Female,746956,719,Chennai,Business
C1475,48,Male,1635465,735,Kolkata,Self-Employed
C1476,52,Male,1174170,781,Delhi,Self-Employed
C1477,47,Female,792492,707,Mumbai,Salaried
C1478,40,Female,391830,723,Kolkata,Salaried
C1479,44,Female,1425077,671,Pune,Salaried
C1480,32,Male,1645461,720,Kolkata,Self-Employed
C1481,55,Female,345140,674,Kolkata,Salaried
C1482,53,Male,1369083,747,Chennai,Business
C1483,53,Female,405160,672,Ahmedabad,Salaried
C1484,63,Female,1411897,728,Kolkata,Salaried
C1485,57,Male,741672,698,Kolkata,Self-Employed
C1486,32,Female,701998,784,Delhi,Salaried
C1487,23,Male,786217,696,Ahmedabad,Salaried
C1488,21,Male,255388,567,Chennai,Self-Employed
C1489,53,Female,735689,795,Mumbai,Business
C1490,60,Male,698727,632,Pune,Self-Employed
C1491,30,Male,412601,651,Chennai,Self-Employed
C1492,63,Female,1356410,655,Chennai,Self-Employed
C1493,64,Male,1262660,803,Hyderabad,Business
C1494,49,Male,1480035,540,Chennai,Salaried
C1495,33,Male,285111,850,Ahmedabad,Salaried
C1496,32,Female,1677618,779,Hyderabad,Salaried
C1497,51,Male,609667,717,Pune,Salaried
C1498,22,Female,342982,696,Kolkata,Self-Employed
C1499,55,Female,478185,721,Delhi,Self-Employed
C1500,43,Male,1556401,739,Delhi,Self-Employed
C1501,37,Male,414386,748,Pune,Salaried
C1502,46,Male,1572291,742,Pune,Self-Employed
C1503,28,Female,1425129,707,Ahmedabad,Salaried
C1504,49,Male,641792,685,Bengaluru,Self-Employed
C1505,46,Male,681174,689,Kolkata,Self-Employed
C1506,30,Male,964625,685,Pune,Salaried
C1507,46,Male,831844,785,Chennai,Salaried
C1508,54,Male,375246,745,Ahmedabad,Salaried
C1509,61,Female,1779024,479,Delhi,Business
C1510,27,Female,426242,749,Mumbai,Business
C1511,24,Male,691083,715,Ahmedabad,Self-Employed
C1512,65,Male,197633,699,Delhi,Salaried
C1513,31,Male,1192384,671,Hyderabad,Salaried
C1514,49,Male,1046964,784,Ahmedabad,Self-Employed
C1515,56,Female,229104,771,Delhi,Self-Employed
C1516,45,Male,1139125,642,Bengaluru,Salaried
C1517,41,Female,1043663,731,Ahmedabad,Salaried
C1518,56,Female,1296964,627,Ahmedabad,Self-Employed
C1519,30,Male,1768878,597,Kolkata,Salaried
C1520,57,Female,1321154,653,Pune,Salaried
C1521,29,Female,869115,765,Kolkata,Salaried
C1522,44,Female,744678,771,Ahmedabad,Salaried
C1523,55,Female,1514431,738,Pune,Business
C1524,55,Male,1320234,754,Delhi,Business
C1525,56,Male,237993,739,Mumbai,Self-Employed
C1526,38,Female,385768,652,Mumbai,Salaried
C1527,59,Male,1386861,732,Ahmedabad,Salaried
C1528,52,Male,951148,760,Bengaluru,Salaried
C1529,44,Male,1202460,757,Hyderabad,Salaried
C1530,43,Male,1679576,789,Delhi,Self-Employed
C1531,52,Male,973853,753,Pune,Salaried
C1532,57,Female,922296,726,Ahmedabad,Salaried
C1533,32,Male,722015,780,Delhi,Salaried
C1534,33,Male,1078850,698,Ahmedabad,Salaried
C1535,43,Male,1757222,634,Bengaluru,Salaried
C1536,45,Male,1555828,688,Chennai,Salaried
C1537,55,Female,437681,644,Chennai,Business
C1538,61,Female,274018,649,Bengaluru,Salaried
C1539,50,Female,1615177,689,Pune,Salaried
C1540,37,Female,1522630,641,Kolkata,Business
C1541,40,Male,409104,677,Bengaluru,Business
C1542,45,Female,1022186,558,Ahmedabad,Self-Employed
C1543,42,Male,373510,716,Pune,Business
C1544,33,Male,1338423,700,Mumbai,Salaried
C1545,39,Male,1673293,639,Bengaluru,Salaried
C1546,56,Male,634162,749,Pune,Salaried
C1547,32,Male,1004899,770,Bengaluru,Self-Employed
C1548,61,Female,1115129,579,Bengaluru,Self-Employed
C1549,39,Female,1524613,643,Kolkata,Salaried
C1550,32,Female,1304905,642,Kolkata,Salaried
C1551,29,Female,1259583,630,Ahmedabad,Self-Employed
C1552,27,Male,1188806,762,Pune,Salaried
C1553,48,Female,874892,685,Pune,Self-Employed
C1554,34,Male,1544973,680,Hyderabad,Self-Employed
C1555,51,Female,1240899,550,Bengaluru,Self-Employed
C1556,39,Male,1077767,748,Chennai,Self-Employed
C1557,36,Male,1340932,607,Bengaluru,Business
C1558,25,Female,815232,704,Bengaluru,Salaried
C1559,55,Male,384451,721,Pune,Self-Employed
C1560,32,Male,1507176,802,Bengaluru,Self-Employed
C1561,45,Female,735655,602,Delhi,Salaried
C1562,41,Male,1283200,474,Bengaluru,Salaried
C1563,56,Female,583322,714,Delhi,Salaried
C1564,43,Female,1463141,835,Kolkata,Salaried
C1565,36,Female,248008,793,Chennai,Self-Employed
C1566,59,Male,557539,716,Ahmedabad,Business
C1567,65,Male,296492,663,Pune,Salaried
C1568,62,Male,252240,761,Bengaluru,Salaried
C1569,59,Female,1555035,627,Delhi,Business
C1570,34,Male,1166753,736,Delhi,Salaried
C1571,51,Female,905947,738,Kolkata,Salaried
C1572,25,Female,452900,780,Delhi,Self-Employed
C1573,55,Male,641227,850,Ahmedabad,Salaried
C1574,43,Female,1527098,729,Mumbai,Salaried
C1575,49,Male,315327,662,Hyderabad,Salaried
C1576,63,Male,829991,698,Ahmedabad,Salaried
C1577,31,Male,1022981,567,Chennai,Self-Employed
C1578,38,Male,345575,648,Ahmedabad,Salaried
C1579,32,Male,1223445,669,Kolkata,Salaried
C1580,29,Female,1728075,661,Kolkata,Self-Employed
C1581,30,Female,673948,711,Ahmedabad,Business
C1582,64,Female,1535833,638,Bengaluru,Salaried
C1583,37,Male,409189,784,Mumbai,Salaried
C1584,58,Male,578465,700,Bengaluru,Self-Employed
C1585,27,Male,431051,699,Bengaluru,Salaried
C1586,33,Female,1116705,675,Ahmedabad,Salaried
C1587,60,Male,829829,712,Pune,Self-Employed
C1588,62,Female,893936,762,Pune,Business
C1589,29,Female,1740354,635,Pune,Business
C1590,47,Male,960641,651,Mumbai,Self-Employed
C1591,22,Male,451830,677,Bengaluru,Self-Employed
C1592,25,Female,1734205,599,Hyderabad,Salaried
C1593,49,Male,495507,639,Chennai,Self-Employed
C1594,57,Female,539687,664,Pune,Salaried
C1595,58,Male,1404491,766,Pune,Salaried
C1596,39,Male,634179,720,Kolkata,Self-Employed
C1597,28,Female,1210596,715,Bengaluru,Self-Employed
C1598,65,Male,222828,764,Bengaluru,Salaried
C1599,21,Female,1015036,690,Mumbai,Business
C1600,42,Male,452670,729,Mumbai,Salaried
C1601,37,Female,1254168,692,Pune,Salaried
C1602,27,Female,471126,720,Bengaluru,Salaried
C1603,45,Male,966639,656,Hyderabad,Self-Employed
C1604,65,Female,1460617,517,Chennai,Self-Employed
C1605,24,Male,1579453,690,Ahmedabad,Salaried
C1606,56,Male,934296,807,Bengaluru,Self-Employed
C1607,26,Male,304982,769,Kolkata,Salaried
C1608,51,Female,1485487,772,Ahmedabad,Self-Employed
C1609,39,Female,1297195,793,Bengaluru,Salaried
C1610,64,Male,488623,707,Delhi,Salaried
C1611,59,Male,1730219,715,Mumbai,Business
C1612,47,Female,1379751,654,Kolkata,Salaried
C1613,30,Male,350963,676,Chennai,Salaried
C1614,46,Male,1370402,746,Pune,Self-Employed
C1615,39,Female,1047869,790,Kolkata,Business
C1616,59,Male,1327116,690,Bengaluru,Salaried
C1617,23,Female,1039414,666,Pune,Salaried
C1618,65,Male,366994,700,Bengaluru,Salaried
C1619,33,Female,490375,745,Pune,Salaried
C1620,48,Male,209301,592,Chennai,Salaried
C1621,40,Male,1451300,528,Mumbai,Self-Employed
C1622,48,Female,1742579,659,Chennai,Business
C1623,28,Male,1224327,608,Delhi,Salaried
C1624,61,Female,373783,662,Hyderabad,Salaried
C1625,59,Male,198752,689,Mumbai,Salaried
C1626,21,Female,1195416,666,Chennai,Salaried
C1627,23,Female,917565,809,Delhi,Business
C1628,33,Female,848755,725,Hyderabad,Salaried
C1629,48,Female,397029,723,Delhi,Salaried
C1630,45,Male,1087669,747,Bengaluru,Self-Employed
C1631,53,Male,1284849,615,Ahmedabad,Salaried
C1632,58,Female,1487079,778,Bengaluru,Self-Employed
C1633,26,Female,1348544,694,Pune,Salaried
C1634,64,Female,557844,750,Mumbai,Business
C1635,65,Male,190699,620,Bengaluru,Business
C1636,52,Male,1424709,583,Kolkata,Self-Employed
C1637,65,Male,714003,761,Delhi,Business
C1638,41,Male,1247745,728,Mumbai,Salaried
C1639,36,Female,698652,632,Ahmedabad,Salaried
C1640,41,Female,298413,635,Kolkata,Self-Employed
C1641,31,Female,1496502,784,Bengaluru,Self-Employed
C1642,57,Male,1751564,611,Pune,Salaried
C1643,56,Male,1353057,823,Chennai,Salaried
C1644,55,Male,395400,632,Pune,Salaried
C1645,39,Female,1212532,748,Kolkata,Salaried
C1646,40,Female,739873,675,Hyderabad,Salaried
C1647,38,Male,1407512,745,Bengaluru,Self-Employed
C1648,61,Female,572136,659,Kolkata,Salaried
C1649,34,Male,1676906,688,Hyderabad,Salaried
C1650,35,Male,569954,703,Hyderabad,Self-Employed
C1651,51,Female,218067,625,Delhi,Self-Employed
C1652,21,Male,198073,756,Mumbai,Business
C1653,23,Female,216035,662,Delhi,Self-Employed
C1654,36,Male,1424625,683,Bengaluru,Salaried
C1655,43,Female,413782,625,Hyderabad,Business
C1656,31,Female,794661,508,Ahmedabad,Salaried
C1657,32,Female,794805,686,Kolkata,Salaried
C1658,30,Male,1763246,850,Chennai,Self-Employed
C1659,52,Male,906331,759,Hyderabad,Business
C1660,36,Female,1686404,699,Kolkata,Salaried
C1661,28,Female,241929,680,Ahmedabad,Salaried
C1662,58,Male,937771,702,Chennai,Salaried
C1663,32,Male,1065296,741,Delhi,Salaried
C1664,44,Male,847689,611,Delhi,Salaried
C1665,48,Female,960965,784,Mumbai,Self-Employed
C1666,28,Male,467313,754,Kolkata,Salaried
C1667,48,Male,267468,754,Hyderabad,Business
C1668,56,Female,1263170,733,Pune,Self-Employed
C1669,46,Male,371703,701,Delhi,Self-Employed
C1670,28,Male,1273609,750,Delhi,Business
C1671,48,Male,1170669,744,Mumbai,Salaried
C1672,48,Female,1302437,673,Chennai,Salaried
C1673,57,Female,887650,657,Mumbai,Self-Employed
C1674,61,Female,473894,708,Ahmedabad,Business
C1675,56,Female,1793325,816,Hyderabad,Self-Employed
C1676,47,Female,1695592,607,Kolkata,Salaried
C1677,37,Female,1306798,590,Bengaluru,Business
C1678,29,Female,816308,712,Bengaluru,Salaried
C1679,53,Male,973153,704,Kolkata,Business
C1680,40,Male,724897,713,Chennai,Business
C1681,33,Female,1432557,718,Ahmedabad,Salaried
C1682,48,Male,284211,683,Delhi,Self-Employed
C1683,49,Male,1414897,812,Chennai,Salaried
C1684,33,Female,1670687,580,Delhi,Salaried
C1685,55,Male,667689,638,Delhi,Salaried
C1686,26,Male,1103160,692,Bengaluru,Self-Employed
C1687,38,Male,1040952,577,Chennai,Business
C1688,25,Male,1685532,687,Ahmedabad,Self-Employed
C1689,45,Male,1030741,825,Mumbai,Salaried
C1690,22,Female,1258560,702,Delhi,Business
C1691,30,Female,1234477,717,Pune,Business
C1692,50,Female,342624,605,Pune,Salaried
C1693,65,Male,1450893,654,Mumbai,Business
C1694,25,Female,1521775,672,Pune,Salaried
C1695,53,Male,873045,676,Hyderabad,Business
C1696,21,Male,1171469,796,Delhi,Salaried
C1697,38,Male,325788,742,Mumbai,Salaried
C1698,52,Male,818387,617,Chennai,Salaried
C1699,31,Female,715426,718,Delhi,Self-Employed
C1700,41,Female,870658,737,Mumbai,Salaried
C1701,46,Male,1148616,786,Bengaluru,Salaried
C1702,45,Female,203429,819,Ahmedabad,Self-Employed
C1703,42,Male,1430956,624,Chennai,Business
C1704,47,Female,1670036,639,Ahmedabad,Salaried
C1705,33,Female,952577,606,Bengaluru,Salaried
C1706,53,Male,1473703,682,Delhi,Salaried
C1707,54,Female,1067700,735,Chennai,Salaried
C1708,61,Male,1245923,774,Ahmedabad,Business
C1709,55,Female,736110,694,Pune,Business
C1710,21,Male,1144163,676,Ahmedabad,Self-Employed
C1711,41,Male,1792972,711,Mumbai,Salaried
C1712,26,Female,1095387,637,Delhi,Self-Employed
C1713,48,Female,1710891,850,Hyderabad,Self-Employed
C1714,37,Male,187967,579,Ahmedabad,Business
C1715,25,Female,1764735,714,Chennai,Self-Employed
C1716,51,Female,405371,850,Chennai,Self-Employed
C1717,25,Male,1437100,701,Kolkata,Self-Employed
C1718,58,Male,1393261,686,Ahmedabad,Salaried
C1719,23,Female,732467,673,Delhi,Business
C1720,43,Male,431537,686,Delhi,Salaried
C1721,57,Male,1021531,803,Bengaluru,Self-Employed
C1722,57,Male,1788126,534,Kolkata,Salaried
C1723,30,Female,1044645,815,Ahmedabad,Self-Employed
C1724,30,Female,1608127,593,Pune,Self-Employed
C1725,39,Male,1115772,680,Bengaluru,Salaried
C1726,37,Female,651082,668,Kolkata,Salaried
C1727,41,Male,240545,744,Ahmedabad,Self-Employed
C1728,34,Female,1463131,580,Ahmedabad,Self-Employed
C1729,29,Male,403894,735,Bengaluru,Salaried
C1730,21,Male,907506,850,Pune,Salaried
C1731,65,Female,1169470,598,Kolkata,Self-Employed
C1732,33,Male,1530642,714,Ahmedabad,Salaried
C1733,24,Female,1795777,650,Ahmedabad,Salaried
C1734,21,Female,1587753,732,Kolkata,Salaried
C1735,60,Male,1595512,701,Hyderabad,Salaried
C1736,52,Male,430497,652,Bengaluru,Salaried
C1737,54,Female,1153181,737,Bengaluru,Salaried
C1738,48,Male,1199658,835,Chennai,Salaried
C1739,51,Male,1671633,686,Pune,Salaried
C1740,28,Male,881692,754,Mumbai,Salaried
C1741,59,Male,1713854,603,Hyderabad,Salaried
C1742,46,Male,1086295,628,Kolkata,Salaried
C1743,54,Female,1384680,735,Kolkata,Business
C1744,23,Female,873206,811,Kolkata,Salaried
C1745,32,Male,1273512,727,Hyderabad,Salaried
C1746,21,Male,865154,677,Ahmedabad,Salaried
C1747,64,Male,1430632,700,Kolkata,Salaried
C1748,25,Female,405469,606,Kolkata,Self-Employed
C1749,50,Male,1256717,745,Pune,Self-Employed
C1750,50,Female,317478,766,Delhi,Business
C1751,37,Female,1325935,666,Delhi,Self-Employed
C1752,43,Female,1089711,665,Chennai,Business
C1753,35,Male,1382939,720,Chennai,Salaried
C1754,57,Female,1794432,667,Kolkata,Salaried
C1755,41,Male,801827,695,Pune,Salaried
C1756,34,Female,1799715,850,Kolkata,Salaried
C1757,22,Male,673158,681,Chennai,Salaried
C1758,31,Female,203312,673,Hyderabad,Self-Employed
C1759,59,Male,1140612,651,Hyderabad,Salaried
C1760,58,Female,607387,756,Ahmedabad,Business
C1761,54,Male,614995,686,Mumbai,Business
C1762,58,Male,1729107,651,Delhi,Salaried
C1763,54,Male,978843,799,Pune,Salaried
C1764,38,Male,1724613,806,Bengaluru,Salaried
C1765,50,Female,1477638,655,Delhi,Salaried
C1766,35,Female,1023441,560,Bengaluru,Salaried
C1767,47,Male,1637214,776,Mumbai,Salaried
C1768,54,Female,615684,649,Mumbai,Salaried
C1769,58,Male,1785235,759,Kolkata,Salaried
C1770,53,Male,237022,552,Chennai,Business
C1771,44,Female,513373,767,Mumbai,Self-Employed
C1772,35,Male,1327647,609,Mumbai,Business
C1773,50,Male,1410844,755,Bengaluru,Salaried
C1774,62,Female,1177858,701,Chennai,Salaried
C1775,37,Male,538918,628,Mumbai,Self-Employed
C1776,25,Male,669626,669,Delhi,Salaried
C1777,49,Male,468859,751,Ahmedabad,Salaried
C1778,24,Male,994037,708,Mumbai,Self-Employed
C1779,30,Female,735462,744,Ahmedabad,Self-Employed
C1780,37,Female,1107460,848,Chennai,Salaried
C1781,30,Female,1726236,583,Kolkata,Salaried
C1782,37,Male,1304949,821,Pune,Salaried
C1783,40,Male,1421597,708,Chennai,Salaried
C1784,44,Female,373718,633,Bengaluru,Salaried
C1785,25,Male,774305,600,Pune,Salaried
C1786,54,Male,243037,686,Delhi,Salaried
C1787,26,Male,710836,769,Hyderabad,Business
C1788,22,Male,821269,690,Ahmedabad,Self-Employed
C1789,33,Female,1462789,813,Ahmedabad,Self-Employed
C1790,63,Female,384366,591,Ahmedabad,Salaried
C1791,63,Female,682420,699,Chennai,Salaried
C1792,31,Male,334249,606,Ahmedabad,Salaried
C1793,43,Female,1514742,727,Kolkata,Salaried
C1794,36,Female,1218199,767,Ahmedabad,Salaried
C1795,51,Male,840902,668,Bengaluru,Self-Employed
C1796,31,Male,1450660,505,Delhi,Self-Employed
C1797,36,Female,1718112,715,Ahmedabad,Salaried
C1798,28,Female,1289004,733,Ahmedabad,Salaried
C1799,24,Female,1550073,730,Pune,Business
C1800,60,Female,1416180,793,Delhi,Salaried
C1801,24,Male,720340,620,Ahmedabad,Salaried
C1802,45,Female,1329265,751,Chennai,Salaried
C1803,23,Female,882436,789,Mumbai,Self-Employed
C1804,52,Male,626636,567,Kolkata,Business
C1805,23,Female,836031,724,Chennai,Salaried
C1806,47,Male,442307,662,Hyderabad,Business
C1807,49,Male,1532144,694,Chennai,Business
C1808,52,Male,1731330,726,Pune,Salaried
C1809,39,Female,1151248,663,Pune,Salaried
C1810,41,Female,643547,649,Ahmedabad,Salaried
C1811,25,Male,583850,703,Chennai,Business
C1812,38,Female,1364446,618,Pune,Salaried
C1813,48,Female,1513140,619,Mumbai,Self-Employed
C1814,62,Male,690259,751,Delhi,Salaried
C1815,42,Male,1520020,614,Chennai,Self-Employed
C1816,41,Female,1239325,750,Kolkata,Salaried
C1817,26,Male,808419,735,Mumbai,Self-Employed
C1818,21,Female,1528207,571,Ahmedabad,Business
C1819,25,Female,405019,649,Delhi,Business
C1820,61,Female,1655153,790,Kolkata,Business
C1821,32,Female,777218,626,Ahmedabad,Salaried
C1822,46,Male,1519100,665,Kolkata,Self-Employed
C1823,54,Male,997052,735,Ahmedabad,Salaried
C1824,34,Male,1485129,759,Kolkata,Salaried
C1825,46,Male,1677108,681,Delhi,Salaried
C1826,65,Female,899401,655,Mumbai,Salaried
C1827,47,Female,1608080,807,Kolkata,Salaried
C1828,29,Male,1281928,830,Kolkata,Business
C1829,46,Female,604127,773,Bengaluru,Salaried
C1830,42,Female,1392432,706,Chennai,Self-Employed
C1831,50,Female,183191,639,Delhi,Salaried
C1832,63,Male,808864,638,Ahmedabad,Salaried
C1833,37,Male,1424289,739,Delhi,Salaried
C1834,46,Male,622939,731,Pune,Business
C1835,56,Female,1232207,805,Ahmedabad,Business
C1836,21,Male,1365820,749,Delhi,Business
C1837,28,Male,484224,587,Mumbai,Business
C1838,55,Male,400169,779,Ahmedabad,Salaried
C1839,35,Male,794641,625,Ahmedabad,Salaried
C1840,42,Male,1642073,671,Delhi,Self-Employed
C1841,34,Male,732959,719,Ahmedabad,Salaried
C1842,46,Female,401972,850,Bengaluru,Salaried
C1843,48,Female,1618454,850,Chennai,Salaried
C1844,43,Male,928321,746,Ahmedabad,Self-Employed
C1845,34,Male,688679,686,Chennai,Self-Employed
C1846,44,Female,601818,740,Delhi,Salaried
C1847,22,Female,884590,767,Kolkata,Salaried
C1848,65,Male,1171120,676,Hyderabad,Self-Employed
C1849,46,Male,1235675,835,Hyderabad,Self-Employed
C1850,34,Male,1647223,717,Kolkata,Salaried
C1851,27,Male,760780,737,Kolkata,Self-Employed
C1852,23,Female,1325298,750,Kolkata,Salaried
C1853,43,Male,1145188,732,Mumbai,Salaried
C1854,63,Male,734399,763,Hyderabad,Self-Employed
C1855,65,Male,243936,654,Kolkata,Self-Employed
C1856,38,Male,403332,658,Mumbai,Salaried
C1857,58,Female,905836,617,Pune,Self-Employed
C1858,55,Female,1551640,733,Ahmedabad,Self-Employed
C1859,35,Female,667510,758,Mumbai,Self-Employed
C1860,45,Male,243530,734,Hyderabad,Self-Employed
C1861,57,Male,1658016,826,Delhi,Self-Employed
C1862,48,Female,1498508,700,Pune,Salaried
C1863,30,Male,1780946,750,Hyderabad,Salaried
C1864,59,Male,1376179,618,Ahmedabad,Salaried
C1865,37,Female,1054772,671,Mumbai,Salaried
C1866,59,Female,1142361,752,Bengaluru,Self-Employed
C1867,42,Female,321214,764,Chennai,Salaried
C1868,46,Female,819341,678,Ahmedabad,Salaried
C1869,64,Male,583082,695,Hyderabad,Salaried
C1870,45,Male,381139,586,Kolkata,Salaried
C1871,37,Female,1208494,673,Mumbai,Salaried
C1872,33,Male,1201318,767,Kolkata,Self-Employed
C1873,40,Female,829714,743,Kolkata,Salaried
C1874,45,Female,768315,738,Kolkata,Self-Employed
C1875,24,Male,1679698,704,Kolkata,Business
C1876,30,Female,1387786,701,Kolkata,Salaried
C1877,23,Male,272601,650,Pune,Salaried
C1878,61,Male,1258532,752,Hyderabad,Salaried
C1879,65,Male,1466916,732,Ahmedabad,Self-Employed
C1880,38,Male,809085,737,Hyderabad,Self-Employed
C1881,56,Female,1092735,661,Ahmedabad,Salaried
C1882,42,Male,1698087,538,Chennai,Salaried
C1883,54,Female,601486,782,Mumbai,Business
C1884,28,Female,783103,664,Bengaluru,Salaried
C1885,60,Female,219279,635,Pune,Salaried
C1886,64,Female,551931,752,Mumbai,Business
C1887,39,Male,328702,671,Pune,Self-Employed
C1888,62,Male,1289639,779,Ahmedabad,Business
C1889,61,Female,953887,746,Hyderabad,Self-Employed
C1890,57,Female,1482887,751,Kolkata,Business
C1891,26,Male,832184,598,Chennai,Salaried
C1892,46,Female,625377,791,Chennai,Self-Employed
C1893,54,Male,1718510,720,Delhi,Business
C1894,65,Female,699089,672,Bengaluru,Self-Employed
C1895,26,Male,926434,711,Chennai,Salaried
C1896,57,Female,1437008,567,Kolkata,Salaried
C1897,53,Female,362051,731,Hyderabad,Salaried
C1898,42,Male,1326237,623,Bengaluru,Salaried
C1899,41,Female,1123693,599,Ahmedabad,Salaried
C1900,26,Female,1681352,586,Mumbai,Self-Employed
C1901,26,Male,1699832,783,Ahmedabad,Self-Employed
C1902,24,Female,303257,653,Kolkata,Salaried
C1903,50,Male,1159062,815,Kolkata,Self-Employed
C1904,31,Male,1497630,660,Chennai,Salaried
C1905,50,Female,1155217,572,Bengaluru,Salaried
C1906,51,Female,1787828,616,Hyderabad,Salaried
C1907,44,Female,1183171,793,Ahmedabad,Salaried
C1908,29,Female,1647019,688,Delhi,Salaried
C1909,23,Female,1103482,659,Ahmedabad,Salaried
C1910,51,Female,983585,712,Pune,Salaried
C1911,60,Female,1550485,738,Pune,Business
C1912,57,Male,934444,784,Hyderabad,Salaried
C1913,56,Female,1791935,809,Hyderabad,Self-Employed
C1914,44,Male,292990,673,Pune,Self-Employed
C1915,51,Female,1298095,601,Delhi,Self-Employed
C1916,26,Female,1238079,669,Bengaluru,Business
C1917,22,Male,1420351,720,Pune,Salaried
C1918,40,Female,1161883,628,Hyderabad,Salaried
C1919,48,Female,893226,628,Chennai,Business
C1920,31,Male,1376553,726,Mumbai,Salaried
C1921,24,Female,1798702,696,Delhi,Self-Employed
C1922,35,Female,1680071,702,Kolkata,Self-Employed
C1923,26,Female,206806,643,Delhi,Self-Employed
C1924,50,Male,1404648,683,Chennai,Business
C1925,58,Female,595384,631,Chennai,Business
C1926,22,Female,250119,767,Kolkata,Self-Employed
C1927,35,Female,1413741,778,Ahmedabad,Salaried
C1928,31,Female,809720,562,Hyderabad,Business
C1929,28,Male,650641,630,Pune,Salaried
C1930,46,Male,1059381,588,Ahmedabad,Salaried
C1931,65,Female,1699603,651,Bengaluru,Business
C1932,64,Female,587507,694,Delhi,Salaried
C1933,25,Male,1043403,591,Kolkata,Salaried
C1934,26,Male,1059903,631,Delhi,Salaried
C1935,46,Female,1065421,625,Ahmedabad,Business
C1936,24,Male,264080,716,Chennai,Salaried
C1937,39,Female,1481367,705,Pune,Self-Employed
C1938,40,Male,1158836,646,Delhi,Salaried
C1939,53,Male,1306370,713,Bengaluru,Self-Employed
C1940,40,Male,472985,659,Chennai,Self-Employed
C1941,32,Male,304447,680,Bengaluru,Salaried
C1942,21,Female,300029,826,Pune,Salaried
C1943,46,Male,359830,801,Delhi,Salaried
C1944,34,Male,1736518,603,Mumbai,Business
C1945,58,Female,1566992,762,Ahmedabad,Self-Employed
C1946,57,Male,741931,761,Delhi,Business
C1947,31,Male,486094,614,Ahmedabad,Salaried
C1948,56,Female,1416497,761,Pune,Self-Employed
C1949,33,Male,1591220,815,Delhi,Self-Employed
C1950,63,Female,863404,616,Ahmedabad,Self-Employed
C1951,23,Female,1727261,631,Kolkata,Business
C1952,53,Female,567732,776,Ahmedabad,Salaried
C1953,26,Female,1768861,720,Delhi,Salaried
C1954,30,Male,1046183,741,Hyderabad,Self-Employed
C1955,25,Female,802893,726,Delhi,Self-Employed
C1956,43,Male,1021965,729,Delhi,Self-Employed
C1957,30,Male,524710,601,Ahmedabad,Salaried
C1958,64,Male,812543,779,Bengaluru,Salaried
C1959,22,Male,964586,788,Mumbai,Salaried
C1960,33,Male,1191967,683,Bengaluru,Salaried
C1961,60,Male,631157,697,Ahmedabad,Self-Employed
C1962,22,Male,1286581,585,Bengaluru,Self-Employed
C1963,40,Male,1445898,739,Chennai,Salaried
C1964,21,Male,1418360,743,Hyderabad,Salaried
C1965,57,Male,1796405,695,Bengaluru,Salaried
C1966,29,Female,203387,784,Kolkata,Salaried
C1967,37,Female,1060412,675,Pune,Self-Employed
C1968,29,Female,1314033,742,Kolkata,Business
C1969,31,Male,324129,624,Pune,Salaried
C1970,35,Female,1208308,698,Delhi,Self-Employed
C1971,44,Female,497875,687,Chennai,Business
C1972,58,Female,1408337,717,Hyderabad,Business
C1973,55,Male,748926,672,Kolkata,Salaried
C1974,50,Male,664814,690,Hyderabad,Business
C1975,51,Male,1406134,762,Kolkata,Salaried
C1976,25,Male,1773431,667,Delhi,Salaried
C1977,64,Female,602955,580,Pune,Salaried
C1978,34,Female,1599541,831,Mumbai,Salaried
C1979,31,Female,1232330,804,Chennai,Salaried
C1980,29,Female,1779908,603,Kolkata,Salaried
C1981,54,Male,247260,752,Kolkata,Salaried
C1982,32,Male,1295488,662,Delhi,Business
C1983,55,Male,436695,720,Chennai,Business
C1984,55,Female,712994,722,Pune,Salaried
C1985,21,Male,975326,682,Pune,Business
C1986,60,Male,526130,641,Kolkata,Business
C1987,42,Female,1048374,648,Mumbai,Self-Employed
C1988,49,Female,209725,631,Mumbai,Salaried
C1989,28,Male,1365574,638,Hyderabad,Self-Employed
C1990,31,Male,284555,695,Chennai,Business
C1991,61,Male,441486,646,Chennai,Self-Employed
C1992,57,Male,975928,751,Pune,Salaried
C1993,34,Male,1068036,812,Hyderabad,Salaried
C1994,50,Male,1054631,656,Delhi,Self-Employed
C1995,55,Female,745609,718,Chennai,Salaried
C1996,41,Female,413103,737,Hyderabad,Salaried
C1997,57,Female,1162599,735,Hyderabad,Salaried
C1998,25,Male,595872,706,Kolkata,Business
C1999,39,Female,235147,756,Pune,Business
