Payment_ID,Loan_ID,Payment_Date,Payment_Amount,Payment_Status
P8000,L6268,2026-03-02,93037,Paid
P8001,L6795,2025-11-23,78827,Missed
P8002,L6539,2025-04-16,80195,Missed
P8003,L5392,2025-09-12,58387,Paid
P8004,L6166,2025-12-24,28226,Paid
P8005,L6527,2026-03-20,9500,Paid
P8006,L5793,2025-04-23,4634,Late
P8007,L5219,2025-01-30,17059,Paid
P8008,L5838,2026-06-08,73350,Paid
P8009,L5159,2025-02-15,7076,Paid
P8010,L6099,2025-06-20,41210,Missed
P8011,L5610,2025-05-10,28931,Paid
P8012,L6715,2025-12-19,35007,Paid
P8013,L5638,2025-07-22,25744,Paid
P8014,L6055,2025-08-14,33396,Paid
P8015,L5776,2025-03-21,91619,Paid
P8016,L5333,2025-11-06,52954,Late
P8017,L6548,2025-02-04,93812,Late
P8018,L6463,2026-07-18,69038,Paid
P8019,L5891,2025-06-10,15756,Late
P8020,L5939,2026-08-19,82798,Paid
P8021,L5351,2026-03-11,13605,Paid
P8022,L6362,2026-06-22,25416,Missed
P8023,L5925,2025-08-13,59558,Paid
P8024,L6423,2026-03-22,40487,Paid
P8025,L5395,2025-11-13,96079,Missed
P8026,L6225,2026-02-18,99816,Paid
P8027,L5529,2025-04-05,5870,Paid
P8028,L6116,2025-08-13,7758,Missed
P8029,L5357,2026-07-07,41736,Paid
P8030,L6419,2025-03-07,80195,Paid
P8031,L5827,2026-02-01,68138,Paid
P8032,L5059,2025-07-29,53250,Paid
P8033,L5476,2026-04-19,43558,Paid
P8034,L6749,2026-07-25,56092,Late
P8035,L5611,2026-05-05,78121,Paid
P8036,L5000,2025-06-29,96439,Paid
P8037,L6578,2026-06-08,58604,Paid
P8038,L5310,2026-04-04,40039,Paid
P8039,L5167,2025-03-09,72859,Late
P8040,L5191,2025-11-25,95506,Paid
P8041,L6057,2025-07-21,51745,Late
P8042,L6057,2026-04-20,8461,Paid
P8043,L6711,2026-06-02,43831,Paid
P8044,L6440,2025-01-15,54137,Paid
P8045,L5707,2025-02-11,37030,Paid
P8046,L6181,2026-06-27,8731,Paid
P8047,L6780,2025-10-16,24500,Paid
P8048,L6523,2026-06-17,78439,Late
P8049,L5365,2025-09-01,36117,Paid
P8050,L6363,2026-07-21,97138,Late
P8051,L5857,2026-08-21,34174,Paid
P8052,L6358,2025-06-23,36208,Paid
P8053,L6606,2026-06-18,87728,Paid
P8054,L5326,2026-05-24,82435,Paid
P8055,L5113,2025-09-01,87482,Late
P8056,L5796,2025-03-01,71688,Paid
P8057,L5918,2025-04-14,28960,Paid
P8058,L6441,2025-10-30,13247,Paid
P8059,L6491,2025-03-18,99342,Paid
P8060,L6166,2025-01-18,94109,Late
P8061,L5608,2026-06-18,29038,Paid
P8062,L5308,2025-07-03,30770,Paid
P8063,L5400,2026-07-04,75485,Paid
P8064,L6343,2025-10-08,67654,Missed
P8065,L5211,2025-10-15,70741,Paid
P8066,L5316,2026-06-09,60773,Paid
P8067,L5184,2026-04-19,86391,Paid
P8068,L6228,2025-09-24,55633,Late
P8069,L6387,2025-12-23,22564,Paid
P8070,L6239,2025-01-01,81669,Paid
P8071,L5245,2025-01-27,21114,Paid
P8072,L5238,2026-07-02,35803,Paid
P8073,L6414,2025-06-09,98321,Paid
P8074,L5519,2026-02-03,62341,Paid
P8075,L6613,2026-06-27,26545,Paid
P8076,L5276,2025-05-07,65759,Paid
P8077,L6005,2025-07-29,79488,Paid
P8078,L5201,2025-05-30,71071,Late
P8079,L5213,2025-01-31,56866,Missed
P8080,L5605,2025-10-29,93257,Late
P8081,L5477,2025-09-14,73499,Paid
P8082,L5507,2025-02-26,81243,Paid
P8083,L6098,2025-01-09,66153,Late
P8084,L5668,2025-01-05,15860,Paid
P8085,L5664,2025-04-24,82783,Paid
P8086,L5141,2025-07-24,85946,Late
P8087,L6613,2025-01-24,20670,Paid
P8088,L5321,2026-05-08,87766,Paid
P8089,L6717,2026-02-10,44280,Paid
P8090,L5460,2025-04-13,92694,Paid
P8091,L5706,2025-03-01,64439,Paid
P8092,L5669,2025-03-27,82423,Late
P8093,L6169,2026-01-07,38061,Paid
P8094,L5053,2026-08-19,53764,Paid
P8095,L6379,2025-07-21,26810,Late
P8096,L5276,2025-03-30,93894,Paid
P8097,L6618,2026-03-13,48588,Paid
P8098,L5399,2025-04-30,18933,Paid
P8099,L5667,2025-06-05,33034,Late
P8100,L5515,2026-02-03,4947,Paid
P8101,L6522,2025-07-07,22715,Paid
P8102,L6334,2025-02-21,33956,Paid
P8103,L6294,2026-06-15,90180,Paid
P8104,L5575,2026-04-25,83846,Paid
P8105,L6472,2026-08-10,90986,Paid
P8106,L5111,2025-08-18,19303,Paid
P8107,L5238,2026-04-26,27031,Paid
P8108,L6167,2025-05-10,97786,Paid
P8109,L6397,2025-02-24,90389,Paid
P8110,L6043,2025-09-28,20977,Paid
P8111,L6599,2025-04-10,45707,Late
P8112,L6312,2025-03-10,17465,Late
P8113,L6616,2025-10-26,78761,Missed
P8114,L5196,2026-06-13,19640,Paid
P8115,L5381,2025-12-20,34535,Paid
P8116,L6604,2025-06-01,42280,Paid
P8117,L6721,2025-11-26,5991,Paid
P8118,L6702,2025-04-26,20801,Paid
P8119,L6740,2026-06-26,92680,Paid
P8120,L6515,2025-11-19,10965,Paid
P8121,L5163,2026-07-17,16730,Paid
P8122,L5605,2026-07-26,32553,Paid
P8123,L6272,2025-08-17,11301,Paid
P8124,L6091,2025-12-26,21936,Paid
P8125,L5854,2025-01-05,17155,Paid
P8126,L6044,2025-01-28,89653,Missed
P8127,L5830,2025-12-30,51848,Paid
P8128,L6535,2026-04-07,5042,Paid
P8129,L5596,2025-08-19,21565,Late
P8130,L6413,2026-01-30,50602,Paid
P8131,L5535,2025-09-28,40260,Paid
P8132,L5110,2025-10-31,39326,Paid
P8133,L5948,2026-01-18,45581,Paid
P8134,L5862,2026-07-12,6658,Paid
P8135,L5594,2025-01-28,84855,Paid
P8136,L6021,2026-06-03,87614,Paid
P8137,L5459,2025-07-18,40548,Late
P8138,L6101,2025-03-23,22668,Paid
P8139,L5433,2025-03-29,43285,Paid
P8140,L6403,2026-01-25,25546,Paid
P8141,L6675,2026-08-03,40874,Paid
P8142,L6463,2026-03-27,54318,Late
P8143,L5887,2026-03-09,40165,Paid
P8144,L5782,2026-01-09,97434,Late
P8145,L6362,2026-03-11,65970,Paid
P8146,L5987,2025-07-06,59820,Late
P8147,L6447,2026-01-25,98443,Paid
P8148,L5168,2025-08-06,48411,Paid
P8149,L5708,2025-04-18,97908,Paid
P8150,L5964,2026-07-04,83358,Late
P8151,L6285,2025-12-15,88312,Paid
P8152,L5726,2026-06-06,78998,Missed
P8153,L6602,2025-01-26,39479,Paid
P8154,L5228,2025-02-17,42906,Paid
P8155,L6184,2026-01-05,76198,Paid
P8156,L5426,2025-01-14,75940,Paid
P8157,L5121,2025-07-06,45605,Missed
P8158,L5148,2026-06-08,12542,Paid
P8159,L5851,2025-10-06,84440,Paid
P8160,L5704,2025-12-07,30774,Paid
P8161,L6766,2025-11-24,11556,Paid
P8162,L5110,2025-01-25,49123,Paid
P8163,L6680,2026-06-13,81342,Paid
P8164,L6244,2026-03-02,45586,Paid
P8165,L5063,2025-01-29,17864,Paid
P8166,L5637,2025-11-19,98552,Paid
P8167,L6753,2025-11-09,61989,Paid
P8168,L6377,2026-08-07,59093,Paid
P8169,L6497,2025-09-27,36749,Paid
P8170,L5908,2025-10-22,62739,Paid
P8171,L6771,2025-08-11,45996,Paid
P8172,L6508,2025-03-16,20305,Paid
P8173,L5012,2025-04-12,80474,Paid
P8174,L5933,2026-06-16,19318,Missed
P8175,L6176,2025-06-22,55810,Paid
P8176,L5238,2025-01-04,88915,Paid
P8177,L6213,2026-04-24,40820,Paid
P8178,L5662,2026-01-30,64800,Paid
P8179,L6109,2025-06-16,73942,Late
P8180,L6044,2025-10-27,23661,Missed
P8181,L5693,2025-04-28,86394,Paid
P8182,L6342,2026-05-27,33816,Paid
P8183,L6181,2025-06-24,15850,Paid
P8184,L5970,2025-06-08,81137,Paid
P8185,L5963,2026-01-19,68057,Paid
P8186,L6504,2025-08-15,42866,Late
P8187,L5075,2025-02-07,29644,Paid
P8188,L5328,2026-04-08,55919,Missed
P8189,L6439,2026-03-07,30428,Missed
P8190,L6226,2025-04-14,61491,Missed
P8191,L6252,2025-07-12,36380,Paid
P8192,L5151,2025-09-07,75822,Paid
P8193,L6798,2025-01-13,78604,Paid
P8194,L5071,2026-07-21,78341,Paid
P8195,L5224,2026-08-20,6017,Paid
P8196,L5472,2026-07-09,89708,Paid
P8197,L6666,2026-01-23,12926,Paid
P8198,L5359,2025-03-12,47508,Paid
P8199,L5539,2026-07-25,26486,Paid
P8200,L5810,2026-03-14,98933,Paid
P8201,L5608,2025-02-13,32511,Paid
P8202,L6069,2025-09-29,13002,Paid
P8203,L5000,2025-01-14,51586,Paid
P8204,L5677,2026-01-06,71737,Missed
P8205,L6268,2025-04-22,67668,Paid
P8206,L6242,2026-01-14,30048,Paid
P8207,L6637,2025-11-10,98666,Paid
P8208,L5290,2026-02-19,43324,Late
P8209,L6481,2026-04-30,69877,Paid
P8210,L5203,2025-06-18,82517,Late
P8211,L6225,2025-09-03,77232,Late
P8212,L5565,2025-09-23,17525,Paid
P8213,L5481,2025-08-31,55634,Paid
P8214,L5510,2025-10-27,95081,Paid
P8215,L5923,2025-11-23,97161,Paid
P8216,L5277,2026-06-14,64491,Paid
P8217,L6004,2026-08-18,8565,Paid
P8218,L5015,2025-12-08,83483,Paid
P8219,L6548,2026-07-08,98613,Paid
P8220,L5355,2025-09-06,75053,Paid
P8221,L5355,2026-01-15,17287,Paid
P8222,L5829,2026-06-16,80365,Paid
P8223,L5598,2026-01-16,5422,Paid
P8224,L6101,2025-02-11,32060,Paid
P8225,L5927,2025-12-11,44633,Late
P8226,L6090,2026-08-22,74521,Paid
P8227,L5858,2025-09-18,16790,Paid
P8228,L6746,2025-11-02,28168,Paid
P8229,L5213,2025-08-28,27019,Paid
P8230,L6720,2025-11-09,46739,Paid
P8231,L5448,2026-03-17,6668,Paid
P8232,L5964,2025-05-13,79280,Paid
P8233,L6456,2025-02-20,31754,Paid
P8234,L6568,2026-01-27,58614,Paid
P8235,L6138,2026-06-07,88058,Paid
P8236,L5786,2026-05-23,7509,Missed
P8237,L6443,2025-12-20,5500,Paid
P8238,L5498,2026-01-30,78440,Late
P8239,L5709,2025-04-06,29921,Paid
P8240,L5379,2025-04-16,57551,Paid
P8241,L6166,2026-05-28,19683,Paid
P8242,L5739,2026-07-12,80952,Late
P8243,L5631,2025-08-30,17833,Paid
P8244,L6047,2026-05-03,21290,Paid
P8245,L5538,2026-05-30,17003,Paid
P8246,L5944,2025-03-02,74656,Paid
P8247,L6098,2026-02-20,44253,Late
P8248,L5752,2025-10-21,82787,Paid
P8249,L5534,2025-10-29,54025,Paid
P8250,L5672,2025-06-19,91022,Late
P8251,L6064,2025-02-10,96870,Paid
P8252,L6773,2025-08-19,74708,Paid
P8253,L6774,2026-02-13,25706,Late
P8254,L5567,2025-10-24,87008,Paid
P8255,L6436,2026-03-31,90231,Paid
P8256,L5414,2025-02-26,45732,Paid
P8257,L5448,2025-08-28,79591,Paid
P8258,L5609,2026-08-21,35716,Paid
P8259,L5657,2025-06-25,9880,Paid
P8260,L6797,2025-03-04,31949,Missed
P8261,L5435,2026-07-05,88346,Missed
P8262,L6575,2025-05-18,69064,Late
P8263,L5704,2026-03-30,46093,Paid
P8264,L5238,2026-03-25,86844,Missed
P8265,L6065,2025-08-14,25844,Paid
P8266,L5733,2026-03-19,25360,Paid
P8267,L6731,2025-07-25,90941,Paid
P8268,L5799,2025-01-27,85782,Paid
P8269,L5009,2026-04-02,96328,Paid
P8270,L5746,2025-04-17,46322,Late
P8271,L6288,2026-03-20,23704,Paid
P8272,L6604,2025-02-05,55646,Paid
P8273,L6468,2026-08-20,51181,Paid
P8274,L5138,2025-06-04,33589,Late
P8275,L5730,2025-06-18,90972,Paid
P8276,L5195,2025-09-29,93179,Paid
P8277,L6097,2026-07-01,86562,Paid
P8278,L6638,2026-02-24,84229,Paid
P8279,L6248,2025-07-03,12212,Missed
P8280,L6658,2025-08-25,16850,Paid
P8281,L6125,2026-05-24,42767,Paid
P8282,L5263,2026-03-17,10322,Paid
P8283,L5944,2025-05-02,38911,Late
P8284,L5919,2026-02-21,49580,Paid
P8285,L5160,2026-06-19,53622,Paid
P8286,L6256,2026-01-10,98923,Paid
P8287,L5490,2026-07-29,8678,Paid
P8288,L5769,2025-11-22,68265,Missed
P8289,L5310,2026-04-25,69918,Missed
P8290,L6674,2025-05-30,24780,Missed
P8291,L5226,2026-08-15,30506,Missed
P8292,L5272,2026-05-05,45296,Late
P8293,L5937,2025-06-02,42882,Paid
P8294,L5316,2025-01-17,63510,Late
P8295,L6109,2026-07-05,45202,Paid
P8296,L5290,2025-12-14,4705,Paid
P8297,L6492,2026-04-04,74533,Paid
P8298,L5728,2025-07-21,90983,Missed
P8299,L6601,2026-02-27,43730,Paid
P8300,L6792,2025-10-07,83071,Late
P8301,L6670,2026-02-26,93016,Paid
P8302,L6427,2026-08-23,34051,Paid
P8303,L6450,2026-04-10,80665,Paid
P8304,L5374,2025-12-21,53467,Paid
P8305,L5566,2026-08-05,33785,Paid
P8306,L5867,2026-01-13,32402,Paid
P8307,L5754,2025-05-04,5704,Late
P8308,L5251,2025-03-21,30027,Paid
P8309,L6556,2026-07-11,62092,Paid
P8310,L5306,2025-08-21,8725,Paid
P8311,L6453,2026-04-25,67105,Paid
P8312,L5674,2025-06-03,28223,Paid
P8313,L5867,2026-02-13,95305,Paid
P8314,L5263,2025-01-31,30384,Paid
P8315,L5067,2026-08-20,65993,Paid
P8316,L6130,2026-07-11,33027,Paid
P8317,L6423,2026-05-18,15767,Late
P8318,L6602,2026-01-06,90017,Paid
P8319,L6222,2025-11-19,21354,Paid
P8320,L6215,2025-11-28,51777,Paid
P8321,L5513,2025-08-31,87682,Paid
P8322,L5768,2026-07-06,24901,Paid
P8323,L5441,2026-03-06,52966,Paid
P8324,L5000,2025-07-01,71637,Paid
P8325,L5357,2026-04-18,97263,Paid
P8326,L6138,2026-01-11,19515,Missed
P8327,L5902,2025-03-22,27806,Late
P8328,L6623,2026-07-04,6573,Late
P8329,L6220,2026-02-24,44941,Paid
P8330,L6627,2026-04-12,94044,Paid
P8331,L5273,2026-03-04,94521,Paid
P8332,L5855,2025-02-26,46915,Paid
P8333,L6017,2025-11-18,56780,Paid
P8334,L6183,2026-06-26,8060,Paid
P8335,L5172,2026-05-10,52094,Paid
P8336,L6568,2025-09-23,59899,Late
P8337,L6481,2025-08-15,58421,Paid
P8338,L5584,2025-02-23,48610,Paid
P8339,L6456,2025-01-04,13933,Paid
P8340,L5928,2026-03-15,75168,Paid
P8341,L5480,2025-11-06,46898,Paid
P8342,L5454,2025-03-30,91509,Paid
P8343,L5195,2025-11-16,8589,Paid
P8344,L5795,2026-01-10,14612,Paid
P8345,L5598,2026-05-16,50611,Paid
P8346,L6332,2025-08-22,21888,Paid
P8347,L6759,2025-12-03,22417,Paid
P8348,L5555,2026-07-25,64323,Paid
P8349,L5847,2025-07-04,80551,Paid
P8350,L6517,2026-03-14,48440,Late
P8351,L5438,2026-07-10,38744,Paid
P8352,L5649,2025-06-29,86391,Paid
P8353,L5358,2025-03-17,14891,Missed
P8354,L6059,2025-09-29,96298,Late
P8355,L6057,2025-02-24,75131,Missed
P8356,L6111,2025-03-18,65093,Paid
P8357,L5657,2025-10-23,53294,Paid
P8358,L5015,2025-08-07,31557,Paid
P8359,L5744,2025-10-04,90472,Paid
P8360,L5420,2026-08-01,64166,Missed
P8361,L5552,2025-09-23,86817,Paid
P8362,L5766,2025-02-12,5192,Late
P8363,L5792,2025-12-27,48032,Paid
P8364,L6149,2025-08-16,52851,Paid
P8365,L6031,2025-08-15,45861,Late
P8366,L6495,2025-03-04,37946,Paid
P8367,L6491,2025-06-20,52884,Missed
P8368,L5879,2025-11-03,49360,Paid
P8369,L5851,2026-07-22,66252,Paid
P8370,L5509,2025-02-03,44472,Paid
P8371,L6425,2025-05-10,38455,Late
P8372,L6199,2026-01-29,31672,Paid
P8373,L6763,2025-05-31,6756,Paid
P8374,L5965,2026-01-19,91454,Paid
P8375,L5913,2025-01-17,73030,Paid
P8376,L6390,2026-08-17,61151,Paid
P8377,L6511,2025-01-14,37047,Paid
P8378,L5017,2025-03-22,75074,Paid
P8379,L5055,2025-07-26,65391,Paid
P8380,L5918,2025-07-23,5221,Late
P8381,L6058,2026-01-14,8164,Paid
P8382,L5901,2026-06-28,36622,Late
P8383,L5629,2025-01-23,38980,Paid
P8384,L5793,2025-06-11,54738,Missed
P8385,L6789,2025-05-24,87688,Paid
P8386,L6748,2025-04-14,82921,Paid
P8387,L6596,2026-01-17,26612,Late
P8388,L6623,2026-03-31,81066,Paid
P8389,L5346,2026-02-21,71876,Paid
P8390,L6055,2025-11-20,63572,Missed
P8391,L5907,2025-06-20,91660,Paid
P8392,L6023,2026-07-30,36043,Missed
P8393,L6156,2026-08-06,80831,Paid
P8394,L5575,2025-10-01,88783,Paid
P8395,L5198,2026-03-28,69250,Paid
P8396,L6279,2025-05-05,41822,Paid
P8397,L6365,2026-01-18,62424,Paid
P8398,L6690,2025-11-13,69345,Paid
P8399,L6254,2025-04-17,55878,Paid
P8400,L5300,2026-04-08,67963,Paid
P8401,L6016,2026-03-06,98680,Paid
P8402,L6570,2025-12-03,88898,Late
P8403,L5025,2026-05-11,3036,Paid
P8404,L6558,2025-12-28,35402,Paid
P8405,L6676,2026-03-08,93034,Missed
P8406,L6497,2026-06-04,96923,Paid
P8407,L6410,2026-02-10,13273,Missed
P8408,L6308,2026-01-12,28030,Paid
P8409,L5449,2025-06-01,55460,Paid
P8410,L5319,2025-11-18,79939,Paid
P8411,L5155,2025-08-02,83573,Paid
P8412,L5470,2026-07-30,22039,Late
P8413,L5419,2025-03-06,17017,Paid
P8414,L6136,2025-09-27,85901,Paid
P8415,L5650,2026-06-21,42215,Paid
P8416,L6445,2025-04-10,15583,Paid
P8417,L5885,2025-04-15,35919,Paid
P8418,L5929,2025-05-11,50025,Paid
P8419,L6744,2026-01-24,47254,Late
P8420,L5834,2025-11-17,49275,Late
P8421,L5875,2026-03-14,60943,Paid
P8422,L5941,2025-01-19,12514,Paid
P8423,L5993,2025-08-13,41416,Paid
P8424,L6621,2026-07-20,4511,Paid
P8425,L6308,2026-04-05,21642,Paid
P8426,L5571,2026-01-29,85151,Paid
P8427,L5053,2025-08-14,54894,Paid
P8428,L5604,2025-12-26,27225,Missed
P8429,L5324,2026-03-06,23846,Late
P8430,L5969,2025-01-15,32152,Paid
P8431,L6481,2026-07-14,69107,Paid
P8432,L5884,2026-06-30,53354,Paid
P8433,L5264,2026-02-18,29188,Paid
P8434,L5381,2025-12-21,63910,Paid
P8435,L6236,2026-04-02,45530,Paid
P8436,L5332,2026-06-15,81753,Late
P8437,L6033,2025-07-15,44999,Missed
P8438,L6381,2025-04-25,9609,Paid
P8439,L5202,2026-02-21,61769,Paid
P8440,L6731,2025-12-18,50397,Paid
P8441,L5057,2025-03-16,52322,Missed
P8442,L6517,2025-02-05,8151,Late
P8443,L6533,2025-08-30,9406,Paid
P8444,L6791,2025-03-04,65678,Paid
P8445,L6246,2026-05-24,50062,Paid
P8446,L6392,2025-07-07,83429,Paid
P8447,L6715,2025-04-03,35956,Paid
P8448,L6441,2025-01-05,56830,Paid
P8449,L5546,2026-03-14,75681,Late
P8450,L5870,2025-06-15,16133,Paid
P8451,L5102,2026-03-22,15209,Late
P8452,L6184,2025-01-25,95501,Paid
P8453,L6223,2026-05-23,77681,Late
P8454,L6183,2025-04-08,57345,Paid
P8455,L6718,2025-09-25,45585,Paid
P8456,L5864,2026-01-28,37638,Paid
P8457,L6159,2026-08-19,23645,Late
P8458,L5397,2025-10-12,21408,Missed
P8459,L6761,2025-04-19,15521,Paid
P8460,L5391,2025-01-27,90414,Paid
P8461,L6778,2025-02-24,41221,Paid
P8462,L5105,2025-05-13,24086,Paid
P8463,L6606,2025-02-21,19923,Late
P8464,L6612,2026-05-08,84761,Paid
P8465,L6077,2025-10-25,10202,Paid
P8466,L6300,2026-02-03,98675,Paid
P8467,L5110,2026-08-14,95477,Paid
P8468,L5223,2025-01-18,40206,Late
P8469,L5074,2026-07-13,22885,Paid
P8470,L5505,2025-09-03,14218,Paid
P8471,L6037,2026-05-18,48692,Late
P8472,L5769,2025-03-30,55689,Paid
P8473,L5481,2025-07-22,97286,Paid
P8474,L6212,2025-08-28,9716,Paid
P8475,L5363,2026-05-05,19088,Paid
P8476,L5238,2025-01-13,34001,Paid
P8477,L6424,2025-11-11,25584,Paid
P8478,L5845,2025-07-17,7286,Paid
P8479,L5984,2025-08-31,7739,Paid
P8480,L6327,2026-05-22,33158,Paid
P8481,L6114,2025-02-12,8605,Paid
P8482,L5391,2025-11-26,59492,Late
P8483,L6207,2026-08-14,6321,Paid
P8484,L6040,2026-03-05,47541,Late
P8485,L5964,2025-06-11,54701,Paid
P8486,L5011,2026-03-11,15170,Paid
P8487,L6189,2025-08-21,59045,Paid
P8488,L5145,2025-04-21,11933,Missed
P8489,L6305,2025-08-20,91228,Paid
P8490,L6572,2025-09-30,12906,Paid
P8491,L6605,2026-08-21,26814,Missed
P8492,L5168,2025-02-10,3818,Late
P8493,L5846,2026-07-14,11434,Paid
P8494,L5169,2026-04-11,59153,Missed
P8495,L5764,2025-03-18,33571,Paid
P8496,L6369,2026-05-05,43694,Paid
P8497,L5498,2025-04-27,97426,Paid
P8498,L6483,2026-03-10,48485,Paid
P8499,L6320,2025-01-19,15069,Paid
P8500,L6165,2026-07-25,60198,Paid
P8501,L5896,2025-07-15,41662,Paid
P8502,L6760,2026-03-27,91970,Paid
P8503,L6718,2026-03-01,55169,Late
P8504,L6756,2026-01-29,75928,Paid
P8505,L6076,2025-10-11,19102,Missed
P8506,L5117,2025-02-03,36457,Missed
P8507,L5364,2025-10-22,90798,Missed
P8508,L6694,2025-09-08,55290,Late
P8509,L5135,2025-12-05,14932,Paid
P8510,L6437,2026-03-16,14766,Paid
P8511,L6100,2025-06-29,91247,Paid
P8512,L5556,2025-08-16,16292,Paid
P8513,L5017,2025-01-23,89223,Paid
P8514,L5402,2025-11-23,50631,Paid
P8515,L5204,2025-06-03,94435,Missed
P8516,L5498,2025-05-26,75944,Late
P8517,L5323,2025-09-09,79230,Paid
P8518,L5594,2025-10-29,37533,Paid
P8519,L5561,2025-03-11,83773,Paid
P8520,L6304,2026-06-27,8778,Late
P8521,L6189,2025-04-03,38059,Paid
P8522,L6266,2025-06-12,95097,Paid
P8523,L5478,2025-03-22,7866,Paid
P8524,L5163,2026-08-11,76965,Paid
P8525,L5323,2025-03-04,63661,Missed
P8526,L6591,2026-03-12,46352,Paid
P8527,L5550,2025-02-17,91373,Paid
P8528,L5830,2026-03-21,53736,Late
P8529,L5639,2025-03-15,37075,Late
P8530,L5633,2026-06-26,94931,Late
P8531,L5758,2025-06-06,84951,Paid
P8532,L6721,2026-05-02,27104,Paid
P8533,L5207,2025-09-23,68827,Paid
P8534,L5314,2025-09-13,72222,Paid
P8535,L5303,2025-02-08,4642,Paid
P8536,L5900,2025-02-24,65845,Paid
P8537,L5238,2025-01-28,92686,Paid
P8538,L6750,2025-04-28,11769,Missed
P8539,L5803,2026-01-05,98369,Paid
P8540,L6247,2025-07-28,72445,Missed
P8541,L6111,2026-08-10,53375,Paid
P8542,L6560,2026-07-31,35078,Paid
P8543,L6452,2026-07-12,15268,Paid
P8544,L6243,2025-11-12,13844,Paid
P8545,L5274,2026-01-28,77174,Paid
P8546,L6670,2026-03-20,63763,Late
P8547,L5953,2025-09-16,14233,Paid
P8548,L6768,2025-07-17,33496,Late
P8549,L6089,2026-03-21,20806,Paid
P8550,L6615,2026-07-24,43326,Late
P8551,L6446,2026-08-05,81807,Paid
P8552,L5254,2025-11-01,42513,Late
P8553,L5124,2025-12-05,54761,Paid
P8554,L6169,2026-06-13,22465,Paid
P8555,L5614,2025-02-23,42502,Late
P8556,L5384,2025-04-22,82396,Paid
P8557,L5446,2026-02-23,11250,Paid
P8558,L5386,2025-11-01,63503,Late
P8559,L5382,2026-03-14,24310,Paid
P8560,L6300,2025-03-26,96518,Paid
P8561,L6405,2026-06-08,35206,Paid
P8562,L5123,2025-09-09,12764,Late
P8563,L6290,2025-05-06,58596,Paid
P8564,L6134,2026-02-09,15842,Paid
P8565,L6404,2025-10-31,92579,Paid
P8566,L6624,2025-01-28,5976,Late
P8567,L6181,2025-09-23,10426,Missed
P8568,L5727,2025-02-21,25887,Late
P8569,L5895,2026-05-26,29710,Paid
P8570,L6571,2025-07-26,44387,Paid
P8571,L6622,2026-07-28,50470,Paid
P8572,L6141,2026-05-26,9486,Paid
P8573,L5327,2026-07-07,42258,Missed
P8574,L5693,2025-07-20,25623,Paid
P8575,L6091,2025-10-11,26806,Paid
P8576,L6457,2025-12-23,8973,Paid
P8577,L5358,2025-02-16,49215,Paid
P8578,L6002,2025-05-17,48939,Paid
P8579,L6694,2025-05-10,32157,Paid
P8580,L5796,2025-07-14,8521,Paid
P8581,L5442,2025-12-30,15891,Paid
P8582,L5163,2026-03-08,85331,Missed
P8583,L5972,2025-03-10,25474,Paid
P8584,L5360,2026-04-03,29507,Paid
P8585,L5584,2026-06-24,13687,Paid
P8586,L6142,2025-12-01,14009,Late
P8587,L5852,2026-06-10,91762,Late
P8588,L6010,2026-07-12,91484,Paid
P8589,L6218,2025-01-16,47291,Paid
P8590,L6624,2026-04-01,51296,Paid
P8591,L6611,2026-05-25,43225,Paid
P8592,L6756,2025-07-28,90638,Paid
P8593,L6674,2025-06-07,37828,Paid
P8594,L6023,2025-12-03,39102,Paid
P8595,L5240,2025-08-29,59342,Paid
P8596,L6532,2025-02-27,36712,Paid
P8597,L5665,2025-11-01,29823,Paid
P8598,L5564,2025-12-11,8361,Paid
P8599,L6165,2025-01-14,94374,Paid
P8600,L5831,2025-12-25,83174,Paid
P8601,L5975,2026-01-12,41052,Paid
P8602,L5030,2025-08-31,26265,Late
P8603,L5222,2025-05-25,93287,Paid
P8604,L5265,2026-02-19,45012,Late
P8605,L6305,2026-01-29,13916,Paid
P8606,L5787,2025-12-24,78045,Paid
P8607,L5380,2026-07-30,48532,Paid
P8608,L5555,2025-06-07,99638,Missed
P8609,L5061,2025-01-18,50659,Paid
P8610,L5712,2026-07-15,92860,Paid
P8611,L5846,2026-07-22,17003,Paid
P8612,L5520,2025-12-13,96479,Missed
P8613,L6094,2025-02-27,45634,Missed
P8614,L5601,2025-06-04,98479,Late
P8615,L6559,2026-07-21,77992,Paid
P8616,L5139,2026-05-02,14369,Paid
P8617,L6339,2026-06-15,22329,Missed
P8618,L6363,2026-05-02,81754,Paid
P8619,L5589,2025-05-31,89700,Missed
P8620,L6749,2025-12-25,15410,Paid
P8621,L5527,2026-01-03,32730,Paid
P8622,L5540,2025-02-16,5665,Late
P8623,L6439,2025-07-26,42899,Paid
P8624,L6490,2026-03-26,40703,Missed
P8625,L5374,2026-04-28,68951,Paid
P8626,L5290,2026-07-24,27172,Late
P8627,L5042,2025-05-23,5684,Paid
P8628,L6076,2026-02-04,76030,Paid
P8629,L6255,2025-04-07,22750,Paid
P8630,L6235,2025-02-16,22887,Paid
P8631,L5007,2025-07-10,23826,Paid
P8632,L6657,2025-05-20,9180,Missed
P8633,L5482,2025-08-19,49779,Paid
P8634,L5041,2025-12-06,71095,Paid
P8635,L5332,2026-05-06,65288,Late
P8636,L6256,2025-02-18,43905,Paid
P8637,L6093,2026-03-29,72507,Paid
P8638,L6039,2025-11-12,59068,Paid
P8639,L5068,2025-11-18,21113,Late
P8640,L5052,2025-03-28,45861,Paid
P8641,L5684,2026-04-19,81487,Paid
P8642,L5993,2025-10-09,28617,Late
P8643,L6797,2025-03-15,5583,Late
P8644,L6402,2026-03-29,94164,Paid
P8645,L6486,2025-02-16,29250,Paid
P8646,L5526,2026-08-11,6055,Late
P8647,L6702,2025-04-06,75337,Paid
P8648,L5062,2025-01-31,37426,Late
P8649,L5260,2026-06-18,63532,Paid
P8650,L6523,2025-01-17,92376,Paid
P8651,L6144,2025-07-31,12933,Paid
P8652,L5857,2025-08-23,34979,Paid
P8653,L6263,2026-01-27,48047,Paid
P8654,L6488,2025-12-20,7137,Paid
P8655,L6130,2025-11-01,14423,Paid
P8656,L5179,2026-08-22,92851,Paid
P8657,L6039,2026-07-04,37482,Paid
P8658,L5354,2026-07-19,47156,Late
P8659,L5933,2026-06-24,55483,Paid
P8660,L6332,2026-08-12,37754,Paid
P8661,L5726,2026-05-24,39312,Paid
P8662,L5588,2026-01-30,26363,Paid
P8663,L6760,2026-03-07,20085,Paid
P8664,L5604,2026-07-16,59889,Late
P8665,L5180,2025-06-26,82951,Paid
P8666,L5173,2026-02-10,59414,Paid
P8667,L5353,2025-10-28,50052,Paid
P8668,L5353,2026-03-21,89934,Missed
P8669,L6242,2025-05-07,35691,Paid
P8670,L6678,2025-12-15,75195,Paid
P8671,L6338,2025-01-21,89180,Paid
P8672,L5433,2026-02-24,57697,Paid
P8673,L5904,2025-06-01,6044,Paid
P8674,L5281,2025-06-09,6883,Late
P8675,L5258,2026-04-25,34712,Paid
P8676,L5867,2026-03-19,87860,Paid
P8677,L5558,2025-04-06,24545,Paid
P8678,L5004,2025-12-18,21204,Paid
P8679,L6597,2025-03-16,26268,Paid
P8680,L5595,2026-08-17,84298,Paid
P8681,L6668,2025-12-25,96907,Missed
P8682,L5393,2025-05-13,87383,Paid
P8683,L5335,2026-02-04,39139,Paid
P8684,L5062,2025-05-19,78652,Paid
P8685,L5043,2025-09-03,98661,Paid
P8686,L5152,2025-10-18,99940,Late
P8687,L5853,2025-04-22,31436,Late
P8688,L6706,2025-06-19,71324,Paid
P8689,L6179,2026-08-22,7125,Paid
P8690,L6501,2025-08-28,72142,Paid
P8691,L5274,2025-12-03,44534,Paid
P8692,L6381,2025-05-18,89842,Paid
P8693,L5425,2026-08-17,45973,Late
P8694,L6555,2025-08-24,79369,Paid
P8695,L5482,2025-01-03,90533,Paid
P8696,L5213,2026-07-25,36521,Paid
P8697,L5078,2025-04-26,98484,Paid
P8698,L5138,2026-04-17,10488,Paid
P8699,L5949,2025-05-11,42974,Paid
P8700,L5097,2026-04-28,45448,Paid
P8701,L5663,2026-02-05,10938,Paid
P8702,L5197,2025-07-20,54113,Paid
P8703,L5784,2025-10-19,18770,Paid
P8704,L5155,2025-12-08,55635,Missed
P8705,L6073,2025-08-04,75171,Missed
P8706,L5478,2026-08-08,77165,Late
P8707,L5227,2026-01-01,60822,Paid
P8708,L6480,2026-04-14,52934,Paid
P8709,L5521,2026-02-22,68526,Paid
P8710,L5148,2025-01-27,24487,Missed
P8711,L6081,2026-03-31,56319,Paid
P8712,L5161,2026-08-03,15869,Paid
P8713,L5862,2025-01-14,77755,Paid
P8714,L6500,2025-04-08,43797,Paid
P8715,L6130,2025-10-06,59298,Paid
P8716,L6450,2026-05-05,85209,Paid
P8717,L5394,2025-07-26,85299,Paid
P8718,L5800,2025-08-21,47933,Missed
P8719,L5185,2026-07-27,79579,Paid
P8720,L5557,2026-08-20,12570,Late
P8721,L5445,2025-08-27,9886,Paid
P8722,L6664,2025-09-07,70494,Paid
P8723,L5829,2026-08-06,46087,Paid
P8724,L6471,2026-08-20,93177,Paid
P8725,L5086,2025-11-02,70719,Paid
P8726,L6272,2026-04-08,97606,Paid
P8727,L6463,2025-08-24,6774,Paid
P8728,L6280,2025-10-18,32018,Paid
P8729,L6300,2025-02-08,88839,Paid
P8730,L5437,2025-07-02,17272,Paid
P8731,L5515,2025-01-30,25586,Paid
P8732,L6600,2026-01-23,36545,Paid
P8733,L5946,2025-05-23,5566,Paid
P8734,L6225,2026-02-23,79489,Paid
P8735,L6598,2025-03-15,68355,Paid
P8736,L6678,2025-02-24,34696,Paid
P8737,L5755,2026-07-26,75940,Paid
P8738,L5796,2025-01-24,70117,Paid
P8739,L6203,2025-01-22,82602,Paid
P8740,L5685,2026-03-04,43735,Paid
P8741,L5324,2025-02-01,76375,Paid
P8742,L5622,2025-12-05,53637,Late
P8743,L5686,2026-05-30,25129,Late
P8744,L6498,2026-05-27,33845,Paid
P8745,L6688,2025-03-11,82449,Late
P8746,L5399,2025-03-29,69500,Paid
P8747,L5867,2026-07-25,13739,Paid
P8748,L5216,2025-08-07,61172,Missed
P8749,L5808,2026-08-12,5673,Late
P8750,L5960,2025-09-27,34171,Paid
P8751,L6476,2025-03-19,92179,Paid
P8752,L6000,2026-08-15,13624,Paid
P8753,L6427,2025-01-10,69764,Paid
P8754,L5931,2026-04-13,55930,Paid
P8755,L5239,2025-12-02,37608,Paid
P8756,L6761,2025-07-05,52649,Late
P8757,L6209,2026-06-30,85456,Paid
P8758,L5047,2025-05-01,22689,Late
P8759,L6409,2026-08-15,66503,Paid
P8760,L6231,2026-07-19,75660,Paid
P8761,L6180,2025-10-01,45124,Paid
P8762,L6248,2026-02-14,99875,Paid
P8763,L6167,2025-12-24,10587,Paid
P8764,L6442,2025-04-08,6527,Paid
P8765,L6134,2025-08-29,36067,Paid
P8766,L5874,2026-07-11,54538,Paid
P8767,L6488,2025-04-24,72499,Paid
P8768,L5131,2026-05-02,40455,Paid
P8769,L5624,2025-08-29,23243,Paid
P8770,L5600,2025-06-05,35693,Paid
P8771,L5672,2025-12-18,72231,Paid
P8772,L5333,2025-02-13,77648,Late
P8773,L6098,2026-08-15,35059,Paid
P8774,L6435,2025-11-08,61867,Paid
P8775,L6542,2025-05-18,75778,Paid
P8776,L6648,2026-03-12,78477,Paid
P8777,L5035,2025-05-23,58283,Paid
P8778,L5777,2025-10-26,66853,Paid
P8779,L6648,2026-07-16,23001,Late
P8780,L5222,2025-09-19,5700,Paid
P8781,L6746,2026-05-27,53157,Paid
P8782,L5529,2025-03-03,21085,Paid
P8783,L5240,2026-07-21,66883,Paid
P8784,L5133,2026-02-27,61147,Paid
P8785,L6755,2026-01-31,16339,Late
P8786,L5390,2025-01-31,18834,Late
P8787,L5101,2025-11-26,79620,Late
P8788,L6675,2025-06-18,32543,Paid
P8789,L5680,2025-09-23,38930,Late
P8790,L5497,2025-11-04,44074,Paid
P8791,L5510,2026-04-04,63673,Paid
P8792,L5702,2025-07-04,32044,Missed
P8793,L5993,2025-11-30,81673,Paid
P8794,L6560,2026-05-30,37905,Paid
P8795,L5948,2026-03-17,57004,Paid
P8796,L6568,2026-01-26,65761,Paid
P8797,L6366,2026-07-14,74484,Paid
P8798,L5840,2025-09-11,99725,Missed
P8799,L5005,2026-08-09,86725,Paid
P8800,L5957,2025-12-01,91333,Paid
P8801,L5193,2026-02-04,72105,Paid
P8802,L5741,2025-06-15,29012,Late
P8803,L6160,2025-09-17,66696,Paid
P8804,L5911,2025-01-04,81513,Paid
P8805,L5472,2025-04-29,24694,Paid
P8806,L5215,2026-04-15,47388,Paid
P8807,L6372,2026-04-15,85368,Paid
P8808,L5875,2026-05-08,35835,Paid
P8809,L6206,2026-05-15,70398,Paid
P8810,L6191,2025-03-11,21186,Missed
P8811,L5037,2026-01-05,32545,Paid
P8812,L6698,2025-06-30,47391,Paid
P8813,L5470,2025-01-05,76855,Late
P8814,L5451,2025-07-16,48788,Paid
P8815,L6513,2025-02-16,31401,Paid
P8816,L6165,2026-07-06,61611,Paid
P8817,L6012,2025-05-20,15202,Paid
P8818,L6783,2026-06-24,66368,Paid
P8819,L5102,2026-03-03,88658,Paid
P8820,L6734,2026-08-12,36135,Missed
P8821,L6735,2026-07-15,91121,Paid
P8822,L5041,2025-11-06,66535,Paid
P8823,L5946,2025-10-01,17897,Paid
P8824,L6170,2026-06-23,24291,Paid
P8825,L5065,2026-01-25,56408,Paid
P8826,L5942,2026-04-04,76830,Paid
P8827,L5192,2025-12-27,57093,Paid
P8828,L6321,2025-03-10,7507,Paid
P8829,L6061,2026-08-06,31854,Paid
P8830,L5501,2026-03-07,18475,Late
P8831,L6676,2025-02-01,47905,Paid
P8832,L6641,2026-05-28,82870,Missed
P8833,L6451,2025-07-01,87366,Paid
P8834,L5663,2025-09-05,95814,Paid
P8835,L5351,2025-10-24,87285,Paid
P8836,L5325,2025-01-30,99047,Missed
P8837,L6061,2025-10-29,43185,Paid
P8838,L6120,2026-04-21,67398,Paid
P8839,L5107,2025-12-18,93608,Paid
P8840,L5630,2026-04-27,99682,Paid
P8841,L5150,2025-11-13,79593,Paid
P8842,L6097,2026-02-01,29427,Paid
P8843,L6080,2025-03-30,58535,Late
P8844,L5877,2025-08-22,79572,Paid
P8845,L5334,2025-06-17,66690,Paid
P8846,L6275,2025-05-06,17060,Paid
P8847,L5803,2026-07-27,53641,Paid
P8848,L5766,2025-04-30,16607,Paid
P8849,L6277,2026-03-04,66560,Paid
P8850,L6408,2025-07-09,67213,Paid
P8851,L6479,2026-03-04,92610,Missed
P8852,L5258,2026-07-14,64776,Paid
P8853,L5781,2025-07-21,51864,Paid
P8854,L6488,2025-02-28,88309,Paid
P8855,L5033,2025-08-11,35970,Paid
P8856,L6518,2026-05-07,31210,Late
P8857,L5325,2025-01-11,47088,Paid
P8858,L5836,2026-05-27,63035,Late
P8859,L6261,2025-11-06,14683,Paid
P8860,L5690,2025-02-03,5962,Paid
P8861,L6639,2025-12-06,65248,Paid
P8862,L6564,2026-04-26,98536,Paid
P8863,L5738,2026-07-28,97673,Paid
P8864,L6489,2025-04-03,38552,Late
P8865,L5743,2025-05-13,48321,Paid
P8866,L6327,2026-02-23,50350,Paid
P8867,L5846,2026-04-13,66565,Paid
P8868,L5116,2026-03-20,46861,Paid
P8869,L6230,2025-01-30,42164,Paid
P8870,L6720,2025-10-25,85095,Paid
P8871,L6504,2025-03-02,47963,Paid
P8872,L5649,2026-04-03,74227,Paid
P8873,L5402,2025-10-31,6532,Paid
P8874,L5996,2025-12-06,23733,Paid
P8875,L6699,2026-03-24,86463,Late
P8876,L6610,2025-10-29,46114,Paid
P8877,L5232,2026-06-24,82018,Paid
P8878,L5928,2026-04-30,95217,Paid
P8879,L6307,2025-03-18,8456,Missed
P8880,L5479,2026-05-30,6413,Late
P8881,L6790,2026-07-03,10085,Late
P8882,L5975,2025-04-02,30937,Paid
P8883,L5008,2026-04-11,23563,Paid
P8884,L5714,2026-04-11,77868,Late
P8885,L5378,2026-08-22,40575,Paid
P8886,L6626,2025-02-09,10386,Paid
P8887,L5380,2025-11-25,94873,Missed
P8888,L5843,2025-10-12,62150,Paid
P8889,L6685,2026-07-08,32572,Paid
P8890,L5359,2025-03-07,38271,Paid
P8891,L5175,2025-04-19,52810,Paid
P8892,L5484,2026-02-19,67260,Paid
P8893,L6428,2025-04-02,79566,Paid
P8894,L5032,2026-01-03,16138,Paid
P8895,L6488,2026-02-27,50369,Late
P8896,L5695,2026-07-26,18646,Paid
P8897,L5156,2025-08-28,31812,Paid
P8898,L5564,2026-03-11,91958,Paid
P8899,L5201,2025-07-31,79181,Paid
P8900,L6198,2026-02-04,17628,Paid
P8901,L6267,2026-06-10,27486,Paid
P8902,L6292,2026-04-13,90945,Late
P8903,L5922,2025-06-19,42266,Paid
P8904,L6469,2025-07-29,91268,Paid
P8905,L5073,2025-09-13,49557,Paid
P8906,L5095,2025-03-14,87961,Paid
P8907,L5172,2025-05-27,80731,Missed
P8908,L6429,2025-12-06,87258,Missed
P8909,L5154,2025-11-13,19494,Paid
P8910,L6206,2026-07-29,24571,Paid
P8911,L6346,2025-06-03,37486,Paid
P8912,L5288,2025-09-12,91436,Late
P8913,L5257,2025-12-17,64635,Paid
P8914,L6610,2026-07-01,3125,Paid
P8915,L5173,2025-11-08,51814,Paid
P8916,L5329,2025-05-14,22318,Paid
P8917,L6254,2025-05-09,65363,Paid
P8918,L5758,2026-03-12,46162,Paid
P8919,L6019,2025-10-07,10590,Paid
P8920,L5160,2025-12-24,37850,Paid
P8921,L5185,2025-09-09,15134,Missed
P8922,L5142,2025-05-15,28230,Paid
P8923,L6305,2026-06-07,18058,Paid
P8924,L5906,2025-11-15,82837,Missed
P8925,L5639,2025-03-21,30039,Late
P8926,L6701,2025-07-10,68820,Paid
P8927,L5026,2026-03-29,41334,Paid
P8928,L6269,2025-12-10,46525,Paid
P8929,L6510,2025-01-30,87194,Paid
P8930,L6670,2026-02-18,31443,Missed
P8931,L5201,2026-01-03,6972,Paid
P8932,L6044,2026-08-19,67936,Paid
P8933,L6614,2026-05-17,94703,Paid
P8934,L5669,2025-01-21,82215,Paid
P8935,L6117,2026-07-03,32519,Paid
P8936,L6031,2025-09-03,94240,Paid
P8937,L5471,2025-10-10,82914,Paid
P8938,L6362,2025-08-20,78864,Paid
P8939,L5258,2025-11-12,58881,Paid
P8940,L5054,2025-12-02,27732,Paid
P8941,L5910,2026-02-15,20673,Paid
P8942,L6571,2025-09-02,78909,Paid
P8943,L6029,2026-01-22,8720,Paid
P8944,L6400,2025-12-24,62115,Paid
P8945,L5553,2025-01-22,54940,Late
P8946,L6073,2025-01-19,8153,Paid
P8947,L5111,2025-10-14,74762,Late
P8948,L5145,2025-10-03,71512,Paid
P8949,L5229,2026-07-06,41019,Paid
P8950,L6746,2025-03-13,87833,Paid
P8951,L5496,2025-12-31,19587,Paid
P8952,L6329,2025-12-01,21206,Missed
P8953,L6565,2026-08-13,94471,Paid
P8954,L5460,2025-07-18,98169,Paid
P8955,L5806,2025-01-17,13736,Paid
P8956,L6651,2025-08-06,9971,Late
P8957,L5225,2025-05-27,59577,Paid
P8958,L5058,2025-07-29,78043,Paid
P8959,L6099,2026-02-18,28724,Paid
P8960,L5427,2025-11-26,90702,Paid
P8961,L5727,2025-12-18,81694,Paid
P8962,L6155,2025-06-12,94310,Paid
P8963,L5931,2025-04-11,58155,Late
P8964,L5497,2025-11-23,14108,Late
P8965,L5815,2025-11-23,80613,Late
P8966,L5909,2025-06-04,72711,Paid
P8967,L6616,2025-01-10,59938,Late
P8968,L6328,2025-12-19,71498,Paid
P8969,L5066,2025-07-02,82152,Paid
P8970,L5229,2026-03-31,20751,Missed
P8971,L5982,2025-01-06,73746,Late
P8972,L5332,2025-11-29,35390,Paid
P8973,L5276,2025-11-29,18993,Late
P8974,L6607,2025-09-15,63403,Missed
P8975,L5720,2025-07-30,29859,Paid
P8976,L5143,2025-02-20,23878,Paid
P8977,L6274,2026-03-21,83459,Paid
P8978,L5690,2026-01-12,30100,Paid
P8979,L6103,2026-05-01,92622,Paid
P8980,L5056,2025-02-20,65284,Paid
P8981,L6389,2025-06-03,62976,Paid
P8982,L5307,2026-08-05,43023,Paid
P8983,L5173,2025-11-06,50709,Paid
P8984,L6485,2026-02-03,79553,Paid
P8985,L5749,2025-05-14,57524,Missed
P8986,L6003,2025-08-08,88049,Paid
P8987,L5677,2025-06-12,47974,Paid
P8988,L6619,2026-07-23,49478,Missed
P8989,L6516,2026-05-17,56768,Late
P8990,L5559,2025-04-25,83396,Paid
P8991,L6662,2026-05-14,76622,Late
P8992,L6704,2026-04-17,51544,Paid
P8993,L6397,2025-05-29,21050,Paid
P8994,L5348,2025-08-29,22784,Paid
P8995,L6090,2025-05-03,14774,Paid
P8996,L5329,2025-03-10,37968,Paid
P8997,L5193,2025-03-04,61236,Paid
P8998,L6178,2025-01-16,80678,Paid
P8999,L6183,2026-01-25,53135,Paid
P9000,L6719,2026-08-13,26007,Paid
P9001,L5265,2025-09-15,28158,Paid
P9002,L5167,2025-08-05,74587,Paid
P9003,L5144,2026-04-24,7115,Paid
P9004,L5185,2025-04-24,87560,Paid
P9005,L5885,2026-01-15,62317,Paid
P9006,L5864,2025-08-25,9371,Paid
P9007,L5773,2026-04-21,97226,Paid
P9008,L6446,2026-08-21,42355,Late
P9009,L6006,2025-05-09,46375,Missed
P9010,L5785,2026-05-25,77616,Late
P9011,L5456,2025-06-14,70419,Paid
P9012,L5344,2025-10-04,73357,Paid
P9013,L5734,2025-09-14,11338,Paid
P9014,L5553,2025-05-12,25007,Missed
P9015,L6020,2026-07-24,5477,Paid
P9016,L6539,2025-09-14,81671,Paid
P9017,L5787,2025-05-21,45423,Paid
P9018,L5935,2025-07-28,78973,Paid
P9019,L5704,2026-06-03,51100,Paid
P9020,L6127,2025-02-20,78038,Paid
P9021,L5246,2026-05-18,32236,Late
P9022,L5811,2025-09-16,3368,Paid
P9023,L6046,2025-06-27,28839,Paid
P9024,L5952,2026-06-27,76098,Paid
P9025,L5814,2025-12-22,10139,Paid
P9026,L6548,2025-11-14,30141,Paid
P9027,L5143,2025-12-30,67262,Paid
P9028,L5729,2025-02-24,9704,Paid
P9029,L6718,2025-06-05,4887,Paid
P9030,L5862,2025-02-13,14975,Paid
P9031,L6777,2026-08-16,3544,Paid
P9032,L6216,2026-06-26,87984,Paid
P9033,L5464,2025-11-18,91366,Late
P9034,L5374,2025-01-14,49323,Paid
P9035,L5676,2025-12-23,53382,Paid
P9036,L5691,2026-04-28,26926,Paid
P9037,L5628,2025-12-25,99538,Paid
P9038,L6289,2025-11-14,16333,Paid
P9039,L6401,2025-03-16,19942,Paid
P9040,L6573,2026-08-14,83220,Paid
P9041,L5555,2025-07-13,94624,Late
P9042,L5862,2025-12-29,25447,Paid
P9043,L5073,2025-04-06,77397,Paid
P9044,L5437,2025-02-09,27833,Paid
P9045,L5880,2026-02-01,85990,Paid
P9046,L5225,2025-04-17,69586,Paid
P9047,L5307,2025-01-17,88958,Paid
P9048,L5965,2026-06-11,24530,Late
P9049,L5347,2026-05-14,50060,Paid
P9050,L5475,2026-06-09,84292,Paid
P9051,L6338,2025-02-12,72558,Paid
P9052,L5524,2026-08-16,44104,Paid
P9053,L6448,2025-12-16,5634,Paid
P9054,L5523,2025-01-30,68210,Late
P9055,L5561,2026-03-17,95681,Late
P9056,L6272,2026-06-26,10288,Late
P9057,L6654,2026-03-31,77528,Paid
P9058,L5568,2025-04-04,37253,Paid
P9059,L6205,2025-10-22,30005,Paid
P9060,L6799,2026-07-03,52824,Late
P9061,L5105,2025-03-30,80702,Paid
P9062,L5190,2026-05-18,96601,Paid
P9063,L6160,2025-08-02,56574,Paid
P9064,L5699,2026-02-26,20798,Paid
P9065,L6143,2026-06-10,63712,Paid
P9066,L6777,2025-07-11,32301,Paid
P9067,L5830,2025-08-12,58267,Missed
P9068,L5071,2026-07-09,6894,Late
P9069,L5754,2026-01-22,6846,Paid
P9070,L6154,2026-04-19,66571,Missed
P9071,L5456,2025-07-22,17481,Paid
P9072,L5904,2026-03-23,45154,Late
P9073,L5478,2025-03-09,54176,Paid
P9074,L5051,2025-04-02,59628,Paid
P9075,L6003,2025-06-27,98757,Paid
P9076,L5573,2026-07-13,11048,Paid
P9077,L6142,2025-01-03,30386,Paid
P9078,L6287,2025-04-13,36336,Paid
P9079,L6262,2025-09-30,26853,Missed
P9080,L6374,2026-06-18,37713,Paid
P9081,L5892,2025-04-26,60690,Paid
P9082,L5254,2026-04-09,19791,Late
P9083,L5684,2025-04-14,72764,Paid
P9084,L6332,2025-09-16,80481,Paid
P9085,L6772,2025-11-04,44573,Paid
P9086,L6630,2026-01-02,42899,Paid
P9087,L6518,2025-10-29,93217,Paid
P9088,L5056,2026-07-14,17975,Paid
P9089,L5949,2025-01-27,76247,Paid
P9090,L6426,2026-05-23,15105,Paid
P9091,L6090,2026-06-11,52645,Paid
P9092,L6069,2025-12-31,33146,Late
P9093,L5605,2025-10-25,83774,Late
P9094,L6673,2025-12-27,6868,Paid
P9095,L5368,2026-05-19,56537,Paid
P9096,L6628,2026-08-11,47294,Paid
P9097,L5231,2025-01-30,64264,Paid
P9098,L6425,2026-03-15,78596,Paid
P9099,L5907,2025-12-06,8433,Late
P9100,L6584,2025-05-06,25612,Paid
P9101,L6046,2026-08-19,20822,Paid
P9102,L5573,2026-07-20,37120,Paid
P9103,L6290,2026-01-01,44004,Paid
P9104,L5840,2026-03-19,24294,Paid
P9105,L5117,2025-09-20,87300,Paid
P9106,L6623,2025-08-10,73096,Paid
P9107,L6624,2025-01-02,85119,Paid
P9108,L6078,2026-01-29,84096,Late
P9109,L6176,2025-11-02,7424,Paid
P9110,L6262,2025-05-26,43615,Late
P9111,L6288,2026-06-14,29863,Paid
P9112,L5267,2026-06-12,32469,Late
P9113,L5112,2025-11-04,26184,Paid
P9114,L5165,2025-12-06,92446,Paid
P9115,L5667,2025-12-18,90940,Late
P9116,L6031,2025-07-28,38175,Paid
P9117,L5713,2025-07-24,57649,Paid
P9118,L6240,2025-01-15,66872,Paid
P9119,L5430,2026-03-04,72327,Paid
P9120,L6315,2026-04-21,35208,Paid
P9121,L5892,2025-10-25,55445,Paid
P9122,L6073,2026-07-11,54998,Paid
P9123,L5106,2025-04-04,59994,Paid
P9124,L6032,2025-04-17,55463,Paid
P9125,L5744,2026-02-23,62895,Paid
P9126,L5699,2025-10-05,78165,Paid
P9127,L6479,2025-05-08,35894,Late
P9128,L5322,2026-04-04,24990,Paid
P9129,L5308,2025-02-07,45580,Paid
P9130,L5849,2025-07-17,76230,Paid
P9131,L5621,2025-12-23,39087,Paid
P9132,L5994,2025-01-07,11673,Paid
P9133,L5144,2026-07-10,41199,Paid
P9134,L5739,2025-11-28,35187,Paid
P9135,L5820,2026-06-03,72914,Missed
P9136,L5411,2025-07-13,26553,Paid
P9137,L5113,2025-11-12,55287,Paid
P9138,L5574,2025-01-01,46780,Paid
P9139,L5398,2025-03-03,91060,Paid
P9140,L6298,2025-12-09,85158,Paid
P9141,L5123,2025-01-18,4420,Paid
P9142,L5085,2026-01-06,50440,Paid
P9143,L6605,2026-08-02,68876,Paid
P9144,L5046,2026-07-25,47310,Paid
P9145,L6734,2025-08-23,46953,Paid
P9146,L5943,2025-03-10,7987,Late
P9147,L6224,2026-03-23,94598,Missed
P9148,L6299,2025-01-08,48517,Paid
P9149,L6572,2026-04-07,35456,Paid
P9150,L6738,2025-11-07,41180,Paid
P9151,L6153,2025-05-14,65237,Paid
P9152,L6471,2026-01-20,93844,Paid
P9153,L5803,2025-02-25,88398,Paid
P9154,L5388,2025-12-26,60505,Paid
P9155,L5575,2025-04-24,76206,Missed
P9156,L6286,2025-03-29,92782,Paid
P9157,L5631,2025-05-18,82302,Paid
P9158,L6301,2025-04-18,32681,Paid
P9159,L5713,2026-05-15,11323,Late
P9160,L6069,2026-06-19,70393,Paid
P9161,L6191,2025-05-24,50223,Late
P9162,L6468,2025-02-25,99123,Paid
P9163,L5621,2025-01-06,94354,Paid
P9164,L5045,2026-06-26,63832,Late
P9165,L5723,2026-03-23,28247,Paid
P9166,L5539,2026-01-20,87076,Late
P9167,L5086,2025-11-03,94373,Paid
P9168,L5802,2025-10-29,11484,Late
P9169,L6408,2026-02-09,33682,Paid
P9170,L6692,2026-07-16,73459,Paid
P9171,L5264,2026-05-25,45019,Paid
P9172,L6045,2025-03-14,84456,Paid
P9173,L6791,2026-07-18,46263,Late
P9174,L5702,2025-09-22,24938,Paid
P9175,L6473,2025-08-15,57890,Paid
P9176,L5231,2025-07-12,16319,Paid
P9177,L5185,2026-01-09,62432,Paid
P9178,L5325,2025-01-10,63772,Paid
P9179,L6206,2025-10-29,9900,Paid
P9180,L5396,2025-12-25,70696,Paid
P9181,L6504,2025-02-21,19236,Late
P9182,L6426,2025-04-09,67255,Paid
P9183,L6486,2026-08-16,59485,Missed
P9184,L6440,2025-01-13,65293,Paid
P9185,L6225,2026-01-25,9221,Paid
P9186,L6088,2025-12-23,28294,Paid
P9187,L5955,2025-01-11,13038,Paid
P9188,L5554,2025-03-22,88187,Paid
P9189,L5732,2025-09-18,56649,Late
P9190,L6040,2025-01-06,26360,Paid
P9191,L5796,2026-04-03,11255,Late
P9192,L6206,2026-01-08,71235,Paid
P9193,L5390,2026-04-26,90464,Paid
P9194,L5043,2025-08-10,51169,Paid
P9195,L5900,2025-03-22,3372,Late
P9196,L6723,2026-05-30,56179,Paid
P9197,L5481,2025-03-01,60649,Late
P9198,L6286,2025-08-09,21898,Paid
P9199,L6197,2025-12-15,53083,Paid
P9200,L6464,2026-07-15,26855,Paid
P9201,L5565,2025-08-16,37758,Late
P9202,L5219,2025-10-17,12607,Paid
P9203,L6581,2025-10-20,77089,Paid
P9204,L6417,2025-07-12,8383,Late
P9205,L5771,2026-04-19,63112,Paid
P9206,L6218,2025-09-14,3715,Late
P9207,L5408,2026-05-21,12837,Late
P9208,L5470,2026-01-23,60886,Paid
P9209,L6370,2026-02-02,53699,Late
P9210,L6485,2026-01-01,82486,Paid
P9211,L6084,2025-10-17,76528,Paid
P9212,L5165,2025-11-05,29817,Paid
P9213,L5671,2025-10-05,52803,Paid
P9214,L6174,2026-04-09,81893,Paid
P9215,L5110,2025-07-08,73278,Paid
P9216,L6511,2025-06-27,63345,Paid
P9217,L5548,2026-06-12,16369,Paid
P9218,L6026,2026-01-10,63428,Paid
P9219,L6506,2026-08-21,8044,Paid
P9220,L6036,2026-03-30,68123,Late
P9221,L6185,2025-08-05,78824,Paid
P9222,L5343,2025-02-11,93914,Paid
P9223,L6472,2025-07-13,10261,Paid
P9224,L5331,2025-11-23,21064,Paid
P9225,L5263,2026-01-08,78335,Paid
P9226,L5082,2026-04-10,72058,Paid
P9227,L5776,2025-06-12,16690,Paid
P9228,L5923,2025-10-03,5057,Paid
P9229,L5333,2025-12-30,40589,Paid
P9230,L6403,2026-04-25,17559,Paid
P9231,L6242,2026-04-05,16692,Late
P9232,L5657,2025-09-22,51429,Paid
P9233,L5453,2026-06-23,68738,Paid
P9234,L5672,2026-01-21,19972,Paid
P9235,L5740,2025-03-26,44530,Paid
P9236,L6769,2025-11-12,78073,Missed
P9237,L6112,2025-08-31,70178,Paid
P9238,L5332,2026-04-14,4365,Paid
P9239,L5309,2025-12-08,68544,Paid
P9240,L5726,2025-06-26,52683,Paid
P9241,L6443,2025-05-10,97356,Paid
P9242,L6632,2025-03-24,61896,Missed
P9243,L6748,2025-12-26,21001,Paid
P9244,L5353,2025-03-29,9722,Paid
P9245,L5823,2026-06-16,23100,Paid
P9246,L6123,2026-04-16,20460,Paid
P9247,L5144,2026-05-13,92523,Paid
P9248,L6033,2026-05-22,64645,Paid
P9249,L6067,2025-12-20,72551,Paid
P9250,L6786,2026-02-20,71498,Paid
P9251,L6409,2025-02-20,7840,Paid
P9252,L6762,2026-08-23,53064,Paid
P9253,L5909,2025-03-04,89069,Paid
P9254,L5760,2025-03-30,88990,Paid
P9255,L5494,2025-07-09,51105,Paid
P9256,L6516,2025-12-14,8699,Paid
P9257,L6192,2026-06-22,8922,Late
P9258,L5641,2025-06-25,27919,Late
P9259,L5530,2025-12-30,61536,Missed
P9260,L6359,2026-07-08,29508,Missed
P9261,L6770,2026-04-28,90200,Paid
P9262,L5512,2025-04-29,28278,Missed
P9263,L5129,2025-06-18,17862,Late
P9264,L6007,2025-05-27,16598,Paid
P9265,L6562,2026-03-13,70434,Paid
P9266,L6537,2026-03-15,91475,Paid
P9267,L6273,2025-07-08,99824,Late
P9268,L5733,2025-06-09,27774,Paid
P9269,L5946,2026-02-06,55384,Late
P9270,L6161,2026-08-09,5822,Paid
P9271,L6298,2025-01-18,40252,Paid
P9272,L6001,2025-05-20,93585,Paid
P9273,L5463,2025-04-25,90420,Late
P9274,L5140,2025-11-24,16052,Paid
P9275,L6279,2025-08-13,86574,Late
P9276,L5881,2026-07-12,85511,Late
P9277,L5455,2026-03-15,16269,Paid
P9278,L5433,2026-07-04,71577,Paid
P9279,L6630,2026-01-21,19551,Paid
P9280,L5172,2026-06-05,72915,Paid
P9281,L5472,2025-09-10,10661,Paid
P9282,L6446,2025-04-08,67547,Paid
P9283,L6019,2025-03-12,75503,Paid
P9284,L5916,2026-07-05,98406,Late
P9285,L5438,2026-03-23,63614,Paid
P9286,L6015,2025-03-31,84210,Paid
P9287,L6080,2026-03-06,88930,Paid
P9288,L5497,2025-08-07,16531,Late
P9289,L6637,2025-04-17,24370,Late
P9290,L5168,2026-04-21,56000,Paid
P9291,L5988,2026-03-30,21565,Late
P9292,L6605,2026-06-28,3832,Late
P9293,L5560,2025-05-06,49978,Paid
P9294,L5427,2025-05-27,85941,Paid
P9295,L5418,2025-10-07,13185,Paid
P9296,L6370,2025-01-24,6492,Paid
P9297,L6540,2025-04-30,61238,Paid
P9298,L5454,2025-10-24,61859,Paid
P9299,L5713,2025-03-23,47630,Paid
P9300,L5201,2026-03-24,68824,Late
P9301,L5178,2026-04-15,43584,Paid
P9302,L5056,2026-02-27,4076,Missed
P9303,L6721,2026-06-29,37139,Paid
P9304,L6627,2025-01-24,69610,Paid
P9305,L5945,2025-03-02,40702,Paid
P9306,L5500,2025-03-25,30535,Paid
P9307,L5738,2025-08-13,66737,Missed
P9308,L5111,2025-07-05,66705,Late
P9309,L6171,2026-01-10,72810,Paid
P9310,L5714,2025-03-13,31198,Missed
P9311,L6401,2025-03-15,98395,Paid
P9312,L5876,2025-12-07,62113,Paid
P9313,L6371,2025-06-02,48760,Paid
P9314,L6381,2025-04-06,60840,Paid
P9315,L6079,2026-07-19,38276,Paid
P9316,L5812,2026-03-21,80554,Paid
P9317,L6339,2025-04-20,64913,Paid
P9318,L5963,2026-04-03,61028,Paid
P9319,L6208,2025-02-20,76608,Paid
P9320,L6077,2026-01-12,16348,Missed
P9321,L5036,2025-03-14,49678,Paid
P9322,L6746,2025-07-31,16952,Paid
P9323,L6012,2026-03-08,3318,Paid
P9324,L6293,2025-06-17,80354,Paid
P9325,L5862,2025-11-27,29011,Paid
P9326,L5731,2026-05-09,21787,Paid
P9327,L6531,2025-05-23,66428,Late
P9328,L6251,2026-08-05,15516,Missed
P9329,L6451,2026-03-21,37055,Paid
P9330,L6746,2026-01-29,11752,Paid
P9331,L5809,2026-05-27,69911,Paid
P9332,L6024,2025-11-24,83506,Paid
P9333,L5022,2025-09-16,62850,Paid
P9334,L6526,2026-03-13,20538,Paid
P9335,L6471,2026-07-18,15657,Paid
P9336,L5795,2025-12-15,20843,Paid
P9337,L5495,2026-05-30,84119,Late
P9338,L5899,2026-03-25,24491,Paid
P9339,L5424,2026-02-03,49431,Paid
P9340,L5699,2026-08-19,66475,Paid
P9341,L5017,2025-08-02,45180,Paid
P9342,L6468,2026-06-30,21540,Paid
P9343,L6584,2026-07-16,74515,Late
P9344,L6582,2025-10-16,63635,Paid
P9345,L5626,2025-09-16,10943,Paid
P9346,L6062,2025-09-15,11911,Paid
P9347,L6752,2026-01-23,43254,Paid
P9348,L6233,2026-06-29,66000,Paid
P9349,L6797,2025-09-22,72305,Missed
P9350,L5210,2025-11-09,5479,Paid
P9351,L5564,2025-02-09,13112,Paid
P9352,L5971,2025-07-29,73267,Late
P9353,L6304,2025-09-29,65612,Paid
P9354,L5132,2025-05-16,79897,Paid
P9355,L5448,2026-08-22,49809,Paid
P9356,L5263,2025-03-01,35205,Paid
P9357,L5110,2026-05-25,93105,Missed
P9358,L6578,2026-05-30,75604,Paid
P9359,L5849,2025-01-15,9557,Late
P9360,L6261,2025-09-12,39098,Paid
P9361,L6480,2026-06-19,41790,Late
P9362,L5900,2025-08-23,37826,Paid
P9363,L5758,2025-05-11,25074,Missed
P9364,L6539,2025-01-17,90691,Late
P9365,L5860,2025-07-04,99320,Paid
P9366,L5896,2026-01-26,35401,Paid
P9367,L5861,2026-02-27,14565,Paid
P9368,L6196,2026-03-18,93236,Late
P9369,L5192,2026-07-10,67702,Paid
P9370,L5514,2025-01-12,52926,Paid
P9371,L5789,2026-06-04,83873,Late
P9372,L5967,2025-03-21,14112,Paid
P9373,L6591,2025-10-29,82297,Paid
P9374,L6432,2025-08-04,11885,Late
P9375,L6711,2025-09-05,4376,Paid
P9376,L6651,2026-06-25,8939,Late
P9377,L5083,2025-09-29,44949,Paid
P9378,L6694,2025-05-13,5846,Paid
P9379,L5797,2025-01-05,75353,Paid
P9380,L5079,2026-06-26,10430,Paid
P9381,L6601,2025-05-21,29328,Paid
P9382,L6232,2026-04-28,14151,Paid
P9383,L5521,2025-11-01,62797,Paid
P9384,L6222,2025-12-11,30619,Paid
P9385,L6594,2026-07-16,37484,Paid
P9386,L5233,2025-09-27,30664,Paid
P9387,L5243,2025-04-18,9780,Paid
P9388,L6416,2026-07-12,71867,Paid
P9389,L6589,2026-04-19,31604,Late
P9390,L6469,2025-03-23,20762,Paid
P9391,L5848,2025-03-25,26765,Paid
P9392,L5392,2025-10-17,66726,Late
P9393,L5008,2025-03-12,40043,Missed
P9394,L5612,2025-06-24,90458,Paid
P9395,L5806,2026-04-08,62051,Missed
P9396,L5714,2026-01-30,92230,Paid
P9397,L6176,2025-04-01,13556,Paid
P9398,L5109,2026-04-14,82091,Paid
P9399,L5833,2026-03-10,13004,Paid
P9400,L5265,2025-09-06,61956,Paid
P9401,L6396,2026-07-26,23810,Paid
P9402,L6175,2025-08-29,65000,Paid
P9403,L5975,2026-05-11,79724,Paid
P9404,L6618,2025-12-06,3247,Paid
P9405,L5954,2026-04-16,23762,Paid
P9406,L6438,2026-04-08,48995,Paid
P9407,L5906,2025-10-02,62423,Missed
P9408,L6669,2025-01-15,82347,Paid
P9409,L6349,2025-02-10,72277,Paid
P9410,L5671,2025-07-27,64969,Paid
P9411,L6574,2025-03-01,32052,Paid
P9412,L5175,2025-12-31,52214,Paid
P9413,L5524,2025-08-28,37319,Paid
P9414,L6338,2025-06-09,74842,Paid
P9415,L6090,2026-02-01,71541,Paid
P9416,L5951,2026-05-15,71858,Paid
P9417,L6783,2025-07-28,84544,Paid
P9418,L6576,2025-05-13,43765,Late
P9419,L6207,2026-01-16,27870,Paid
P9420,L6058,2026-03-09,15466,Paid
P9421,L5504,2026-01-24,48284,Paid
P9422,L5848,2026-08-06,53034,Missed
P9423,L5962,2026-03-08,36161,Paid
P9424,L6099,2025-10-01,71275,Paid
P9425,L5471,2025-12-17,63811,Paid
P9426,L6605,2025-05-14,56565,Paid
P9427,L6769,2025-03-07,64314,Missed
P9428,L5522,2025-07-24,56626,Missed
P9429,L5879,2025-10-25,81730,Paid
P9430,L6306,2025-04-27,72767,Paid
P9431,L6559,2025-09-24,54929,Paid
P9432,L5273,2025-05-29,96804,Paid
P9433,L6562,2025-07-13,69937,Missed
P9434,L5053,2025-06-28,11086,Paid
P9435,L6078,2025-05-28,65582,Paid
P9436,L5887,2026-04-10,69065,Paid
P9437,L5744,2026-07-23,43779,Paid
P9438,L5276,2025-01-05,26462,Missed
P9439,L6466,2026-06-10,50769,Paid
P9440,L5882,2025-10-07,58878,Paid
P9441,L6441,2026-05-14,19956,Paid
P9442,L5631,2026-03-12,85563,Paid
P9443,L6248,2025-08-04,88991,Late
P9444,L5569,2026-05-30,47555,Missed
P9445,L6278,2025-05-17,48602,Missed
P9446,L5175,2026-08-18,8605,Paid
P9447,L5565,2025-10-07,79213,Paid
P9448,L6169,2025-05-12,19938,Paid
P9449,L5770,2026-01-28,62502,Paid
P9450,L6687,2026-04-26,55545,Paid
P9451,L6408,2026-05-28,46534,Paid
P9452,L5261,2026-02-23,18009,Paid
P9453,L5530,2025-07-21,33246,Paid
P9454,L6394,2026-04-07,31185,Paid
P9455,L6706,2025-07-21,97831,Late
P9456,L5890,2025-06-01,94055,Late
P9457,L6220,2025-08-10,89488,Paid
P9458,L5947,2025-03-20,49642,Paid
P9459,L5584,2025-07-19,12185,Late
P9460,L5814,2025-04-09,67366,Paid
P9461,L6620,2025-08-01,22843,Paid
P9462,L6307,2025-05-23,20505,Paid
P9463,L5301,2026-01-24,31022,Paid
P9464,L6155,2026-01-09,64609,Paid
P9465,L6143,2025-02-21,57261,Late
P9466,L6751,2025-05-15,19439,Paid
P9467,L6159,2026-02-15,83196,Paid
P9468,L5627,2026-04-15,77385,Paid
P9469,L5572,2025-04-22,98164,Paid
P9470,L5528,2026-06-09,93371,Paid
P9471,L5033,2025-02-13,73272,Paid
P9472,L5531,2026-02-01,38377,Paid
P9473,L6231,2026-08-08,6909,Paid
P9474,L6697,2025-09-18,17867,Paid
P9475,L6322,2026-06-29,67685,Paid
P9476,L6545,2026-01-23,3794,Paid
P9477,L6117,2026-04-21,86481,Paid
P9478,L6437,2026-02-14,61527,Paid
P9479,L5370,2026-08-03,18369,Paid
P9480,L5408,2025-01-16,26807,Missed
P9481,L6406,2025-04-12,13856,Missed
P9482,L6464,2025-07-05,9795,Paid
P9483,L6470,2025-01-25,97921,Late
P9484,L6642,2025-03-13,34063,Paid
P9485,L5616,2026-08-16,63951,Paid
P9486,L5070,2026-07-27,41260,Paid
P9487,L5083,2025-01-18,13149,Paid
P9488,L5208,2026-07-24,95205,Paid
P9489,L5258,2025-11-28,29328,Paid
P9490,L6262,2026-07-23,72098,Paid
P9491,L6325,2025-04-07,36623,Paid
P9492,L6255,2025-01-12,45255,Paid
P9493,L5931,2025-01-11,39389,Paid
P9494,L5281,2025-06-12,7206,Paid
P9495,L5393,2025-10-10,66565,Missed
P9496,L5417,2025-08-29,23897,Paid
P9497,L6229,2025-02-14,82687,Missed
P9498,L6287,2026-08-16,7370,Paid
P9499,L6334,2025-09-12,27045,Paid
P9500,L5858,2025-03-08,90236,Paid
P9501,L6720,2025-02-11,90770,Paid
P9502,L5625,2026-01-19,55584,Paid
P9503,L6102,2026-08-12,51671,Late
P9504,L6365,2025-08-22,18326,Paid
P9505,L5561,2026-04-30,70777,Paid
P9506,L5831,2025-02-08,33639,Paid
P9507,L6118,2025-01-11,63874,Late
P9508,L6793,2026-02-13,42766,Paid
P9509,L5940,2025-04-18,24278,Paid
P9510,L6374,2025-04-04,74980,Paid
P9511,L5061,2025-03-25,71551,Paid
P9512,L6165,2025-02-27,83439,Paid
P9513,L5733,2025-10-20,42583,Paid
P9514,L6134,2025-01-16,96679,Paid
P9515,L6639,2026-04-22,73400,Paid
P9516,L6550,2025-06-14,12676,Paid
P9517,L5781,2026-03-13,7234,Late
P9518,L6694,2026-02-07,24340,Paid
P9519,L6180,2026-01-21,87259,Paid
P9520,L5538,2025-05-18,11526,Paid
P9521,L5596,2026-06-15,75378,Paid
P9522,L5008,2025-10-20,37626,Paid
P9523,L5275,2026-04-20,4207,Paid
P9524,L5226,2026-04-07,85844,Paid
P9525,L5185,2026-01-08,65420,Late
P9526,L5590,2025-06-11,55097,Paid
P9527,L6239,2025-02-13,67414,Missed
P9528,L5432,2025-03-24,8429,Paid
P9529,L5568,2026-06-23,56591,Paid
P9530,L5655,2026-06-03,10591,Paid
P9531,L5355,2026-02-15,41660,Paid
P9532,L5842,2025-12-07,80313,Paid
P9533,L5391,2025-03-30,43459,Paid
P9534,L5578,2025-08-18,81084,Paid
P9535,L6298,2025-01-18,65099,Paid
P9536,L6517,2025-10-08,65848,Paid
P9537,L6640,2026-02-26,81405,Paid
P9538,L6474,2025-12-04,92399,Paid
P9539,L5419,2025-09-23,7661,Late
P9540,L6723,2025-12-21,47802,Missed
P9541,L5163,2025-12-26,21782,Paid
P9542,L5778,2025-08-05,52179,Paid
P9543,L6586,2025-11-17,4898,Paid
P9544,L5637,2025-07-31,81455,Late
P9545,L6615,2025-07-22,43068,Paid
P9546,L6206,2025-06-02,70963,Paid
P9547,L6333,2026-03-05,79303,Paid
P9548,L5016,2025-10-14,86956,Paid
P9549,L5445,2025-11-17,61654,Paid
P9550,L5169,2026-03-12,39123,Late
P9551,L6303,2026-08-15,59198,Paid
P9552,L5339,2026-05-11,55872,Missed
P9553,L5725,2025-05-29,7902,Paid
P9554,L6733,2026-06-26,29850,Missed
P9555,L6542,2026-04-27,51554,Late
P9556,L6034,2025-11-22,46034,Paid
P9557,L6547,2025-01-29,67843,Paid
P9558,L6645,2025-09-16,90156,Paid
P9559,L5132,2025-03-16,11280,Paid
P9560,L5900,2026-07-11,83490,Paid
P9561,L5639,2026-08-04,49814,Paid
P9562,L6171,2026-05-13,60465,Paid
P9563,L6589,2026-02-20,49973,Paid
P9564,L5822,2025-12-06,40729,Late
P9565,L5953,2025-11-04,35800,Paid
P9566,L5078,2025-08-29,77423,Paid
P9567,L5345,2025-09-10,81871,Paid
P9568,L5608,2025-08-08,74713,Paid
P9569,L6272,2026-02-01,44206,Paid
P9570,L5638,2025-12-02,6926,Paid
P9571,L6565,2025-01-29,63445,Late
P9572,L6047,2026-05-09,46056,Paid
P9573,L6494,2026-05-17,78690,Paid
P9574,L6224,2025-06-03,71495,Late
P9575,L5130,2025-08-19,87147,Paid
P9576,L6657,2025-04-12,37161,Paid
P9577,L5355,2025-06-26,62251,Paid
P9578,L5943,2025-08-20,21407,Paid
P9579,L5149,2025-01-12,81561,Late
P9580,L6549,2025-07-05,74600,Paid
P9581,L6327,2025-09-23,59714,Paid
P9582,L6564,2025-05-15,9639,Paid
P9583,L5049,2025-01-31,5478,Late
P9584,L5463,2026-04-01,67546,Paid
P9585,L6263,2025-09-16,76465,Paid
P9586,L6505,2025-04-14,65876,Paid
P9587,L5454,2026-03-07,91373,Paid
P9588,L6306,2026-01-17,44941,Paid
P9589,L5334,2026-04-14,32974,Late
P9590,L6375,2026-05-28,47183,Paid
P9591,L5667,2025-07-26,11418,Paid
P9592,L6672,2026-03-23,86186,Paid
P9593,L5326,2025-03-30,60148,Late
P9594,L6015,2025-07-14,82919,Paid
P9595,L5335,2026-02-18,34708,Paid
P9596,L5665,2025-05-02,35924,Paid
P9597,L5994,2026-04-07,26382,Paid
P9598,L5080,2025-04-26,29649,Paid
P9599,L5086,2025-07-15,99676,Paid
P9600,L6799,2025-02-05,33373,Paid
P9601,L5257,2025-03-08,85680,Late
P9602,L5990,2025-10-08,77501,Paid
P9603,L5184,2026-04-24,25791,Late
P9604,L6715,2025-01-11,61896,Paid
P9605,L5697,2025-11-18,26115,Paid
P9606,L5122,2025-08-28,20341,Paid
P9607,L6119,2025-03-01,19637,Paid
P9608,L5604,2026-07-16,27269,Missed
P9609,L5514,2025-06-14,86489,Paid
P9610,L5903,2025-07-08,96330,Paid
P9611,L6466,2026-05-02,26877,Paid
P9612,L6537,2025-04-02,43273,Paid
P9613,L6394,2025-10-16,59035,Late
P9614,L5304,2026-05-24,15405,Paid
P9615,L6380,2025-03-16,96348,Late
P9616,L6171,2026-07-11,65309,Paid
P9617,L6308,2026-03-04,44767,Paid
P9618,L5656,2026-01-20,12973,Late
P9619,L5261,2025-02-22,61565,Paid
P9620,L6597,2025-06-24,92461,Paid
P9621,L5490,2026-08-02,26091,Missed
P9622,L5737,2026-04-19,22584,Paid
P9623,L6054,2025-12-27,77607,Paid
P9624,L5701,2025-09-27,73624,Paid
P9625,L5886,2026-02-11,19550,Paid
P9626,L6291,2025-05-04,5063,Late
P9627,L5011,2026-01-11,95816,Missed
P9628,L6214,2026-01-27,76839,Paid
P9629,L6423,2025-07-01,14631,Late
P9630,L6560,2025-02-05,4125,Late
P9631,L5090,2025-07-31,38409,Paid
P9632,L5599,2025-05-14,53581,Paid
P9633,L6524,2026-05-06,25485,Paid
P9634,L5300,2026-03-14,81330,Missed
P9635,L6134,2025-02-15,86554,Missed
P9636,L5079,2026-02-05,77398,Paid
P9637,L5835,2026-05-03,4690,Late
P9638,L5651,2026-03-08,18740,Paid
P9639,L5432,2026-03-04,51643,Paid
P9640,L5416,2026-07-26,91560,Missed
P9641,L6237,2026-06-01,88877,Paid
P9642,L6470,2026-04-07,12156,Paid
P9643,L5017,2025-06-30,40214,Paid
P9644,L6077,2025-05-25,99589,Paid
P9645,L6632,2025-09-22,66389,Paid
P9646,L5745,2026-02-10,78694,Paid
P9647,L5239,2026-04-29,5808,Late
P9648,L5845,2026-04-27,65987,Late
P9649,L5417,2025-08-25,73938,Paid
P9650,L5855,2026-06-09,70500,Paid
P9651,L6509,2025-12-05,65167,Paid
P9652,L6467,2025-09-25,63734,Paid
P9653,L6589,2025-09-23,20206,Paid
P9654,L5598,2026-06-12,12629,Paid
P9655,L6796,2025-04-02,35337,Paid
P9656,L6771,2025-09-05,90095,Paid
P9657,L6146,2025-01-19,66829,Paid
P9658,L5419,2026-01-25,72401,Paid
P9659,L6589,2026-01-23,72830,Paid
P9660,L5215,2025-04-05,49939,Paid
P9661,L6443,2026-03-06,15965,Paid
P9662,L5708,2025-02-06,15228,Paid
P9663,L5550,2026-01-28,51419,Paid
P9664,L5965,2026-07-27,99913,Paid
P9665,L6251,2025-10-18,52229,Late
P9666,L6260,2025-10-30,15822,Paid
P9667,L6667,2026-02-05,33070,Paid
P9668,L6353,2025-12-10,71723,Paid
P9669,L5832,2026-06-02,10135,Late
P9670,L6492,2026-01-12,82044,Paid
P9671,L5679,2025-06-14,42441,Late
P9672,L5486,2025-01-13,42884,Missed
P9673,L6572,2025-01-25,94603,Paid
P9674,L6602,2025-05-03,21043,Paid
P9675,L5622,2025-05-09,99108,Paid
P9676,L6438,2026-07-01,78043,Paid
P9677,L5218,2026-08-18,6062,Paid
P9678,L5720,2025-11-05,93236,Late
P9679,L5380,2026-03-12,55214,Paid
P9680,L5086,2025-07-01,86990,Missed
P9681,L6484,2026-08-11,56409,Paid
P9682,L5814,2025-02-12,13868,Paid
P9683,L5410,2026-02-08,71089,Paid
P9684,L5690,2026-08-13,98089,Paid
P9685,L6012,2025-09-20,97047,Late
P9686,L5524,2025-03-11,20428,Paid
P9687,L5446,2025-10-19,74493,Paid
P9688,L5299,2025-08-02,73114,Paid
P9689,L5407,2025-05-27,41389,Paid
P9690,L6660,2025-01-25,37734,Late
P9691,L5374,2025-11-19,79084,Missed
P9692,L5232,2025-04-19,68107,Paid
P9693,L6786,2025-09-08,89889,Paid
P9694,L5637,2026-04-27,87170,Paid
P9695,L6770,2025-06-24,14679,Missed
P9696,L5649,2025-12-13,50743,Missed
P9697,L5960,2025-06-19,27717,Paid
P9698,L6072,2025-01-02,28579,Paid
P9699,L5185,2026-07-12,67102,Paid
P9700,L6228,2025-12-28,95266,Paid
P9701,L5077,2025-10-23,37782,Paid
P9702,L6504,2026-07-24,73160,Paid
P9703,L6409,2026-08-13,26103,Paid
P9704,L5193,2025-07-21,94080,Paid
P9705,L6126,2025-10-16,56077,Paid
P9706,L6640,2025-03-03,31534,Paid
P9707,L6399,2026-05-17,41636,Paid
P9708,L5286,2025-05-06,53486,Paid
P9709,L6505,2025-02-18,97096,Paid
P9710,L6746,2026-08-23,36435,Late
P9711,L5249,2025-06-28,36152,Paid
P9712,L6224,2026-08-04,61952,Late
P9713,L5535,2026-05-08,22638,Paid
P9714,L6484,2026-03-09,19396,Paid
P9715,L5299,2026-07-26,43494,Late
P9716,L6501,2025-10-29,29783,Paid
P9717,L6106,2025-06-18,8403,Paid
P9718,L5808,2025-09-26,67052,Paid
P9719,L5457,2025-12-30,26838,Late
P9720,L5690,2025-04-10,41919,Paid
P9721,L6321,2025-08-03,80895,Paid
P9722,L6387,2025-04-07,50995,Paid
P9723,L5717,2026-07-02,25614,Paid
P9724,L5039,2025-12-03,78593,Paid
P9725,L6648,2025-12-25,3100,Paid
P9726,L6363,2025-10-17,97191,Paid
P9727,L6539,2026-01-31,64720,Paid
P9728,L5107,2025-12-26,73514,Late
P9729,L6339,2025-12-13,13988,Late
P9730,L6137,2025-05-04,83067,Late
P9731,L6190,2026-07-06,80167,Paid
P9732,L5260,2026-06-22,80229,Paid
P9733,L6641,2026-02-26,41148,Late
P9734,L6247,2025-12-02,16823,Paid
P9735,L6285,2026-05-18,27696,Paid
P9736,L6274,2025-02-26,14629,Late
P9737,L5525,2025-03-17,6856,Paid
P9738,L5709,2026-04-11,34051,Paid
P9739,L5125,2025-10-12,69611,Paid
P9740,L6229,2026-01-21,89333,Late
P9741,L6163,2025-09-16,36469,Paid
P9742,L6085,2026-04-22,76721,Late
P9743,L6306,2025-01-11,96377,Paid
P9744,L5053,2025-09-17,75372,Paid
P9745,L5345,2026-01-28,49072,Paid
P9746,L6547,2026-08-23,93132,Paid
P9747,L5135,2026-01-04,46406,Paid
P9748,L5329,2025-07-03,90754,Paid
P9749,L6167,2025-01-16,38017,Late
P9750,L6459,2026-05-21,13705,Paid
P9751,L6305,2025-03-27,22606,Paid
P9752,L5135,2025-01-10,89911,Paid
P9753,L6512,2026-04-22,95469,Late
P9754,L5812,2025-06-13,76654,Paid
P9755,L6756,2025-01-24,38319,Paid
P9756,L5851,2026-07-30,95185,Late
P9757,L6744,2025-11-08,60254,Paid
P9758,L6424,2025-08-26,48318,Paid
P9759,L5870,2026-04-07,5214,Paid
P9760,L5891,2026-04-07,77070,Paid
P9761,L6472,2025-08-26,52869,Paid
P9762,L5634,2025-01-22,38228,Paid
P9763,L6651,2025-06-29,47696,Late
P9764,L5668,2026-07-13,6255,Paid
P9765,L6293,2026-05-14,30841,Paid
P9766,L6040,2026-04-20,8334,Paid
P9767,L5268,2025-12-05,80817,Paid
P9768,L5860,2026-06-15,43522,Paid
P9769,L5481,2025-06-11,42708,Paid
P9770,L6242,2025-03-02,68150,Paid
P9771,L6342,2025-03-26,33697,Paid
P9772,L6261,2026-07-01,13722,Paid
P9773,L6568,2026-05-05,68480,Missed
P9774,L5284,2025-01-05,19029,Paid
P9775,L6060,2025-03-17,68550,Late
P9776,L5102,2025-09-10,80042,Late
P9777,L6746,2025-01-07,11208,Missed
P9778,L6453,2026-04-18,95693,Late
P9779,L5791,2025-05-18,78507,Paid
P9780,L6677,2025-12-24,91719,Missed
P9781,L5238,2025-06-12,91499,Late
P9782,L5740,2025-11-14,11127,Late
P9783,L5644,2026-04-03,50782,Paid
P9784,L6148,2025-09-10,18646,Missed
P9785,L6588,2025-07-20,93891,Paid
P9786,L6623,2026-06-16,86744,Paid
P9787,L6633,2025-06-14,25713,Paid
P9788,L5881,2025-08-20,35267,Paid
P9789,L5606,2025-11-24,6864,Missed
P9790,L5187,2025-08-26,79197,Paid
P9791,L5887,2025-04-30,35559,Paid
P9792,L6279,2025-09-07,78858,Late
P9793,L6608,2025-12-02,75246,Paid
P9794,L5986,2025-10-11,34362,Paid
P9795,L5923,2025-07-17,35380,Paid
P9796,L5793,2026-02-20,67994,Paid
P9797,L5529,2026-01-30,44284,Paid
P9798,L5675,2025-05-31,82922,Paid
P9799,L5391,2025-09-22,81874,Paid
P9800,L6681,2025-08-08,58277,Paid
P9801,L6491,2025-08-04,18316,Late
P9802,L6276,2025-11-11,27463,Paid
P9803,L5671,2025-08-04,78739,Paid
P9804,L5860,2025-12-01,7888,Paid
P9805,L6584,2025-12-25,96728,Late
P9806,L6199,2025-06-10,14325,Missed
P9807,L5465,2026-05-26,22088,Paid
P9808,L5838,2025-06-06,77922,Paid
P9809,L6600,2025-06-11,79803,Paid
P9810,L5987,2025-02-11,18419,Paid
P9811,L6312,2025-06-29,94016,Paid
P9812,L6073,2025-10-30,56749,Paid
P9813,L5003,2025-11-26,48854,Paid
P9814,L6654,2026-07-17,5904,Missed
P9815,L5851,2026-03-05,81966,Paid
P9816,L6523,2025-12-16,66556,Missed
P9817,L6699,2025-04-30,83535,Paid
P9818,L6246,2025-03-16,91855,Paid
P9819,L6691,2025-05-03,23700,Paid
P9820,L6285,2025-07-01,30633,Paid
P9821,L6708,2025-09-14,87644,Paid
P9822,L5534,2026-08-21,27055,Paid
P9823,L5902,2026-08-06,21642,Paid
P9824,L6399,2025-09-26,56014,Paid
P9825,L6084,2026-05-08,61274,Paid
P9826,L6379,2025-06-29,6646,Paid
P9827,L5645,2025-05-29,16173,Missed
P9828,L5023,2026-06-02,10025,Paid
P9829,L6316,2025-05-28,15549,Paid
P9830,L5556,2025-01-09,17853,Paid
P9831,L5690,2025-06-27,53423,Paid
P9832,L5355,2026-01-30,64156,Paid
P9833,L5869,2025-11-27,98488,Paid
P9834,L5940,2025-02-25,14326,Paid
P9835,L5574,2025-07-26,6463,Paid
P9836,L5028,2025-04-15,30163,Paid
P9837,L5356,2026-07-01,17075,Paid
P9838,L5364,2025-12-21,97245,Paid
P9839,L5607,2026-05-04,46315,Paid
P9840,L5408,2026-08-16,19010,Late
P9841,L6289,2026-05-18,69433,Paid
P9842,L6314,2025-02-19,3605,Missed
P9843,L5566,2025-03-28,39445,Paid
P9844,L6176,2025-10-30,40315,Paid
P9845,L5218,2025-01-01,11652,Paid
P9846,L5172,2026-01-16,35229,Late
P9847,L5607,2025-12-28,33530,Paid
P9848,L6658,2026-01-16,52101,Paid
P9849,L6035,2025-06-11,88950,Paid
P9850,L6539,2025-01-19,96439,Late
P9851,L6385,2025-08-31,83266,Paid
P9852,L5857,2025-05-09,40924,Paid
P9853,L6602,2025-06-25,41541,Paid
P9854,L5656,2026-02-13,67658,Paid
P9855,L5968,2025-03-25,59327,Paid
P9856,L6500,2026-01-11,96434,Paid
P9857,L6600,2025-08-10,46654,Paid
P9858,L6105,2025-11-21,18930,Paid
P9859,L6640,2026-03-27,6518,Paid
P9860,L6716,2026-02-20,33982,Paid
P9861,L6363,2026-03-21,9775,Paid
P9862,L5440,2025-11-21,26990,Paid
P9863,L5616,2026-06-07,8378,Paid
P9864,L5225,2025-06-15,49402,Paid
P9865,L5370,2025-08-26,42441,Late
P9866,L5027,2025-01-13,74980,Paid
P9867,L6007,2025-09-14,82712,Paid
P9868,L5994,2026-05-29,28060,Paid
P9869,L5015,2025-07-29,77915,Paid
P9870,L6300,2026-04-29,49993,Paid
P9871,L5332,2025-12-31,96104,Paid
P9872,L5482,2025-08-13,25765,Paid
P9873,L5565,2025-07-13,62053,Paid
P9874,L6311,2025-07-15,99338,Paid
P9875,L5113,2026-02-04,26196,Paid
P9876,L5037,2025-02-26,18468,Late
P9877,L5453,2025-08-01,97385,Missed
P9878,L5741,2025-10-06,11174,Paid
P9879,L5165,2026-01-15,48820,Paid
P9880,L5693,2025-04-27,22098,Paid
P9881,L5204,2026-03-27,75582,Missed
P9882,L5877,2026-08-22,7186,Paid
P9883,L5244,2026-02-14,19722,Paid
P9884,L6356,2026-01-02,74504,Paid
P9885,L5942,2025-04-23,43452,Paid
P9886,L6419,2025-06-13,31270,Paid
P9887,L5820,2025-01-04,51311,Paid
P9888,L5506,2025-01-23,44129,Late
P9889,L5923,2025-04-02,9387,Paid
P9890,L6144,2026-04-14,27394,Paid
P9891,L6282,2025-06-04,79827,Paid
P9892,L6745,2025-07-26,33093,Paid
P9893,L5409,2025-03-22,59636,Paid
P9894,L5309,2026-04-28,71146,Paid
P9895,L6729,2026-08-15,38241,Late
P9896,L5067,2026-02-11,57407,Paid
P9897,L5113,2025-04-13,31337,Paid
P9898,L5219,2025-08-28,7804,Late
P9899,L5219,2025-09-22,37058,Late
P9900,L6496,2025-02-02,78763,Late
P9901,L5729,2025-02-04,60450,Paid
P9902,L5748,2025-09-06,54759,Late
P9903,L5942,2025-02-19,62529,Paid
P9904,L5385,2025-10-07,34334,Late
P9905,L6321,2025-06-01,66534,Paid
P9906,L5929,2026-07-05,66452,Late
P9907,L6629,2026-06-21,9511,Paid
P9908,L6276,2025-08-18,43965,Paid
P9909,L5404,2025-10-15,42440,Late
P9910,L5491,2026-01-30,66118,Late
P9911,L5356,2026-03-29,88263,Paid
P9912,L6451,2025-02-02,52217,Missed
P9913,L5214,2025-12-29,34139,Paid
P9914,L6403,2025-04-21,88330,Paid
P9915,L6793,2025-05-01,71517,Paid
P9916,L5751,2025-01-16,15785,Paid
P9917,L5826,2026-06-07,57740,Paid
P9918,L6237,2025-04-08,83202,Late
P9919,L6121,2025-04-26,73632,Paid
P9920,L5527,2026-04-16,16950,Paid
P9921,L5915,2026-03-15,67642,Paid
P9922,L5665,2025-10-08,54169,Late
P9923,L6551,2025-12-15,75209,Paid
P9924,L5709,2025-08-20,70278,Paid
P9925,L6643,2025-04-21,41488,Paid
P9926,L5534,2025-12-18,39277,Paid
P9927,L5553,2025-01-12,48041,Paid
P9928,L6572,2026-05-03,6534,Paid
P9929,L5327,2026-06-17,83221,Late
P9930,L5901,2025-10-12,73672,Paid
P9931,L6188,2026-06-29,74121,Paid
P9932,L6139,2026-01-27,95894,Missed
P9933,L5149,2025-06-19,77090,Paid
P9934,L6541,2025-03-18,59310,Paid
P9935,L6055,2025-10-24,4634,Missed
P9936,L5656,2025-11-26,19908,Missed
P9937,L5805,2025-03-04,24310,Paid
P9938,L5292,2025-09-27,83653,Paid
P9939,L5918,2025-08-04,70258,Missed
P9940,L5688,2025-07-09,77147,Paid
P9941,L5956,2025-03-16,59081,Paid
P9942,L6200,2026-05-25,64572,Paid
P9943,L6084,2026-08-02,72400,Paid
P9944,L6612,2025-04-03,69603,Late
P9945,L5415,2025-02-22,94512,Paid
P9946,L6406,2026-05-11,75807,Late
P9947,L5597,2025-04-04,80364,Late
P9948,L6726,2025-08-17,34131,Late
P9949,L5006,2025-09-07,23386,Paid
P9950,L5917,2026-01-26,52781,Late
P9951,L5084,2025-07-01,64760,Paid
P9952,L5773,2025-09-24,70370,Paid
P9953,L5956,2025-10-08,57470,Late
P9954,L6421,2025-03-24,56283,Paid
P9955,L6794,2025-07-05,5353,Paid
P9956,L6416,2026-07-21,16878,Paid
P9957,L6070,2026-06-15,79668,Paid
P9958,L6364,2025-12-14,11203,Paid
P9959,L6521,2026-02-27,13322,Paid
P9960,L5605,2026-03-30,79831,Paid
P9961,L6501,2025-09-24,61775,Late
P9962,L5425,2026-05-22,38925,Paid
P9963,L5425,2025-05-22,25247,Late
P9964,L5735,2025-11-12,20340,Paid
P9965,L5790,2025-08-20,88778,Paid
P9966,L5514,2025-10-24,25522,Paid
P9967,L6152,2026-07-26,47594,Paid
P9968,L6272,2025-01-22,80631,Late
P9969,L5740,2026-01-19,49335,Paid
P9970,L5130,2025-05-06,91961,Missed
P9971,L6763,2025-04-13,37723,Paid
P9972,L6712,2025-04-20,78740,Paid
P9973,L5322,2026-07-24,7991,Paid
P9974,L5822,2026-04-17,39833,Paid
P9975,L5542,2025-03-06,19067,Paid
P9976,L5065,2026-04-17,16763,Missed
P9977,L5717,2026-07-24,54955,Paid
P9978,L6124,2025-03-17,47863,Paid
P9979,L5030,2025-01-19,20408,Paid
P9980,L5884,2026-01-19,28176,Paid
P9981,L5190,2025-07-09,38097,Paid
P9982,L6601,2025-12-26,54850,Paid
P9983,L5414,2026-03-28,56846,Missed
P9984,L5746,2025-03-20,38794,Paid
P9985,L6737,2026-08-19,66324,Paid
P9986,L6523,2025-06-21,92767,Paid
P9987,L6760,2025-07-31,61486,Paid
P9988,L6618,2026-03-21,4011,Paid
P9989,L6069,2025-05-29,26427,Paid
P9990,L6112,2025-01-10,41392,Paid
P9991,L6721,2026-06-26,61990,Late
P9992,L5374,2025-02-24,53852,Late
P9993,L6724,2025-06-29,18229,Paid
P9994,L6269,2026-01-16,81780,Paid
P9995,L5557,2026-02-26,85138,Paid
P9996,L6280,2026-03-27,92998,Missed
P9997,L6375,2025-04-03,28302,Missed
P9998,L6596,2026-06-04,26536,Late
P9999,L6128,2026-02-17,90746,Paid
P10000,L6360,2026-01-29,8585,Late
P10001,L6549,2025-11-27,52130,Late
P10002,L6324,2026-03-09,64957,Paid
P10003,L6100,2025-06-12,60210,Paid
P10004,L6534,2025-02-09,85731,Paid
P10005,L6253,2025-03-26,83373,Paid
P10006,L6702,2026-08-13,8456,Paid
P10007,L5577,2025-04-01,56861,Paid
P10008,L5031,2026-04-29,40289,Paid
P10009,L6631,2026-01-20,12775,Paid
P10010,L5057,2025-07-12,67881,Paid
P10011,L6127,2025-09-10,17099,Paid
P10012,L5311,2025-09-01,44842,Paid
P10013,L6669,2025-09-27,60163,Late
P10014,L6752,2025-01-19,85351,Late
P10015,L6090,2025-02-09,80762,Late
P10016,L5689,2026-05-31,98608,Paid
P10017,L6397,2025-02-02,77675,Paid
P10018,L6782,2026-03-26,98596,Paid
P10019,L5234,2026-06-23,47867,Paid
P10020,L5642,2025-11-15,12859,Missed
P10021,L6135,2025-05-04,58700,Paid
P10022,L6412,2026-01-07,5539,Paid
P10023,L6431,2025-12-17,81735,Paid
P10024,L6077,2025-11-19,36158,Late
P10025,L5801,2026-05-03,68618,Paid
P10026,L5238,2026-03-27,53154,Paid
P10027,L6775,2025-12-19,60824,Paid
P10028,L6318,2025-04-26,15281,Paid
P10029,L5111,2025-01-13,18120,Paid
P10030,L6111,2025-11-16,12946,Late
P10031,L6763,2025-06-14,79427,Paid
P10032,L5475,2025-03-26,88176,Paid
P10033,L5303,2025-09-05,29111,Late
P10034,L6328,2026-03-08,55396,Paid
P10035,L5289,2026-07-22,36290,Late
P10036,L5207,2026-04-24,99140,Late
P10037,L5867,2026-01-03,37462,Late
P10038,L5581,2025-12-23,87172,Paid
P10039,L5369,2026-02-12,7837,Paid
P10040,L5219,2025-12-11,14801,Late
P10041,L6254,2025-06-28,26710,Late
P10042,L5801,2026-03-01,43916,Paid
P10043,L5818,2026-06-25,16065,Paid
P10044,L5348,2026-03-19,65546,Paid
P10045,L5254,2025-11-02,48474,Missed
P10046,L5451,2026-01-02,96766,Paid
P10047,L5141,2025-02-05,39388,Paid
P10048,L6092,2026-04-08,79167,Paid
P10049,L5088,2025-05-26,98364,Paid
P10050,L5870,2025-05-26,77667,Missed
P10051,L6159,2026-01-15,82843,Paid
P10052,L6678,2025-06-17,6709,Paid
P10053,L6722,2025-10-02,51754,Paid
P10054,L5522,2025-03-28,89257,Paid
P10055,L5659,2025-06-03,8094,Paid
P10056,L5950,2026-05-12,12415,Paid
P10057,L5909,2025-11-11,51846,Paid
P10058,L5441,2026-07-14,82066,Late
P10059,L5037,2025-10-01,10472,Paid
P10060,L6231,2025-09-19,66730,Missed
P10061,L5209,2026-05-02,39131,Paid
P10062,L5512,2026-03-30,87943,Paid
P10063,L6383,2026-03-19,86737,Paid
P10064,L6600,2025-09-19,30948,Paid
P10065,L6024,2026-06-27,49908,Paid
P10066,L6778,2025-04-15,52835,Paid
P10067,L5980,2025-12-16,26115,Paid
P10068,L5380,2026-03-14,30961,Paid
P10069,L5827,2025-06-18,50083,Paid
P10070,L6560,2025-12-09,62417,Paid
P10071,L5858,2025-08-18,55062,Paid
P10072,L5393,2025-01-23,50182,Late
P10073,L6073,2025-10-08,5017,Paid
P10074,L5395,2026-06-03,7223,Late
P10075,L6776,2025-09-10,64852,Paid
P10076,L5031,2026-02-08,53509,Missed
P10077,L5544,2025-05-13,26075,Paid
P10078,L5711,2025-10-01,9531,Missed
P10079,L6257,2025-08-20,7666,Paid
P10080,L6049,2026-06-29,92317,Paid
P10081,L6577,2025-03-20,47023,Paid
P10082,L6457,2025-02-04,38236,Paid
P10083,L6084,2026-05-10,43059,Missed
P10084,L5552,2025-04-20,43023,Paid
P10085,L6464,2025-11-17,7236,Paid
P10086,L6153,2026-07-29,70475,Paid
P10087,L6377,2025-11-24,39624,Paid
P10088,L5197,2026-01-19,35818,Paid
P10089,L5798,2025-12-30,84462,Paid
P10090,L6686,2025-08-20,96088,Paid
P10091,L6739,2026-02-18,33100,Paid
P10092,L5693,2025-10-21,69896,Paid
P10093,L6394,2026-07-01,47696,Paid
P10094,L6742,2025-06-23,80530,Paid
P10095,L5146,2026-01-27,27941,Paid
P10096,L6739,2025-04-12,96067,Paid
P10097,L5497,2025-10-20,62347,Late
P10098,L5047,2025-03-26,79629,Paid
P10099,L5769,2025-07-20,36025,Missed
P10100,L5650,2026-06-25,14651,Paid
P10101,L6195,2025-10-24,93380,Late
P10102,L5612,2025-02-25,86254,Paid
P10103,L5698,2026-04-17,52823,Paid
P10104,L6338,2025-01-16,51122,Paid
P10105,L5375,2025-03-07,16589,Paid
P10106,L5805,2026-04-17,42768,Late
P10107,L5920,2026-08-04,67986,Paid
P10108,L5874,2025-01-23,88558,Paid
P10109,L6556,2026-05-01,3234,Paid
P10110,L5809,2026-02-19,75370,Missed
P10111,L6443,2025-11-01,18055,Paid
P10112,L5904,2025-06-26,71743,Paid
P10113,L6419,2025-07-14,5400,Paid
P10114,L6545,2025-01-13,78145,Paid
P10115,L6210,2025-06-15,90009,Late
P10116,L6005,2025-05-30,92471,Paid
P10117,L6668,2025-12-07,57157,Paid
P10118,L5032,2026-07-11,92410,Paid
P10119,L5068,2025-06-23,63598,Missed
P10120,L5591,2025-06-16,28015,Paid
P10121,L6214,2026-08-17,82720,Missed
P10122,L5100,2026-08-03,98079,Paid
P10123,L6508,2025-04-07,69186,Late
P10124,L6308,2026-02-08,67430,Late
P10125,L5913,2025-03-18,52185,Paid
P10126,L5732,2025-08-25,95864,Missed
P10127,L5389,2025-10-18,65306,Paid
P10128,L6588,2025-05-16,22416,Paid
P10129,L5159,2026-01-02,81655,Missed
P10130,L5891,2026-07-02,76180,Paid
P10131,L6577,2025-09-05,53262,Paid
P10132,L6070,2025-08-02,77189,Paid
P10133,L6182,2025-03-11,82952,Paid
P10134,L6469,2025-11-25,93433,Late
P10135,L5695,2025-01-16,56662,Paid
P10136,L5757,2026-05-02,70410,Late
P10137,L5522,2025-06-23,55191,Paid
P10138,L6689,2025-10-01,78965,Paid
P10139,L5731,2026-06-08,15213,Paid
P10140,L5154,2025-08-07,51987,Paid
P10141,L5338,2026-05-28,86176,Paid
P10142,L6388,2026-02-03,62783,Paid
P10143,L5794,2025-04-21,64353,Paid
P10144,L6722,2026-04-09,18802,Late
P10145,L6597,2025-04-03,84658,Paid
P10146,L6171,2026-03-27,63646,Paid
P10147,L5898,2026-01-31,90189,Paid
P10148,L6167,2026-07-05,46671,Missed
P10149,L5102,2026-04-24,92637,Paid
P10150,L5811,2025-11-12,69945,Late
P10151,L5092,2025-12-19,46388,Late
P10152,L5974,2025-08-27,37600,Paid
P10153,L6309,2025-04-14,86944,Paid
P10154,L6447,2025-01-29,63690,Late
P10155,L5118,2025-03-30,8736,Paid
P10156,L5028,2026-01-10,73529,Paid
P10157,L6012,2026-02-01,46871,Paid
P10158,L6534,2026-07-17,50165,Late
P10159,L6053,2025-12-30,59786,Missed
P10160,L5871,2025-05-27,34247,Missed
P10161,L6389,2025-11-10,31821,Paid
P10162,L5799,2026-07-02,6213,Paid
P10163,L6161,2026-03-28,32495,Paid
P10164,L5474,2026-05-21,74744,Paid
P10165,L5562,2026-05-01,12644,Late
P10166,L6415,2025-04-11,9453,Paid
P10167,L5434,2025-04-17,79629,Paid
P10168,L5803,2025-10-18,14263,Paid
P10169,L6257,2025-12-15,59480,Late
P10170,L5054,2026-08-11,68841,Paid
P10171,L5930,2025-08-15,35021,Paid
P10172,L6315,2026-08-19,20958,Paid
P10173,L5751,2026-08-11,69408,Paid
P10174,L5311,2025-02-19,44128,Missed
P10175,L6571,2025-06-07,90498,Late
P10176,L6112,2025-11-24,45563,Paid
P10177,L6235,2025-03-18,20414,Late
P10178,L5956,2026-03-30,78462,Paid
P10179,L5317,2025-11-06,58883,Late
P10180,L5756,2025-11-23,40210,Paid
P10181,L5464,2026-05-23,18290,Paid
P10182,L6110,2025-04-17,6667,Paid
P10183,L6432,2025-08-29,20660,Paid
P10184,L6263,2026-03-11,75089,Paid
P10185,L5699,2025-01-28,85462,Paid
P10186,L6080,2025-09-06,60698,Paid
P10187,L6136,2025-12-30,7808,Paid
P10188,L5734,2026-06-17,97148,Paid
P10189,L6093,2026-04-17,43499,Paid
P10190,L5738,2026-06-23,31015,Paid
P10191,L5767,2026-08-12,36351,Paid
P10192,L6715,2026-02-17,52662,Paid
P10193,L6207,2026-07-23,77674,Paid
P10194,L6726,2025-06-14,39241,Missed
P10195,L5743,2026-07-30,4198,Paid
P10196,L5275,2025-02-17,95983,Paid
P10197,L5232,2026-04-29,15113,Paid
P10198,L5053,2025-06-07,97285,Paid
P10199,L5256,2025-05-31,41639,Paid
P10200,L5089,2025-08-13,67036,Late
P10201,L6761,2025-09-17,88223,Paid
P10202,L6782,2026-01-22,70983,Late
P10203,L6686,2025-09-13,77944,Paid
P10204,L6458,2025-03-02,20674,Paid
P10205,L6648,2026-01-31,15413,Late
P10206,L5407,2026-02-01,57986,Late
P10207,L6292,2025-06-11,50937,Late
P10208,L6692,2026-01-15,76085,Missed
P10209,L5365,2026-03-19,26071,Paid
P10210,L5350,2025-12-15,77229,Paid
P10211,L6322,2025-01-31,46831,Paid
P10212,L6182,2025-03-12,85306,Paid
P10213,L5486,2026-02-01,44371,Paid
P10214,L5841,2026-03-14,70542,Paid
P10215,L5983,2025-01-02,8213,Paid
P10216,L6760,2026-07-16,66815,Late
P10217,L6549,2025-05-15,54299,Paid
P10218,L6378,2025-05-26,39636,Paid
P10219,L5620,2025-06-28,66948,Paid
P10220,L5929,2025-09-21,78066,Paid
P10221,L5400,2025-11-07,50128,Paid
P10222,L6428,2025-07-23,75173,Late
P10223,L6119,2025-01-30,52504,Paid
P10224,L6730,2025-02-28,73500,Late
P10225,L5569,2025-01-09,55340,Paid
P10226,L5974,2025-11-20,37070,Paid
P10227,L5391,2025-06-16,76285,Paid
P10228,L5351,2025-12-03,69382,Paid
P10229,L5805,2026-01-14,81926,Paid
P10230,L6689,2025-08-30,82271,Paid
P10231,L5575,2025-06-09,92441,Paid
P10232,L6693,2025-08-23,17876,Paid
P10233,L5776,2026-03-29,82503,Missed
P10234,L5632,2025-07-18,54676,Paid
P10235,L6311,2026-04-22,21262,Paid
P10236,L5522,2025-02-02,88550,Paid
P10237,L5725,2026-02-12,27054,Paid
P10238,L5161,2025-03-30,98491,Paid
P10239,L6640,2025-08-09,26051,Paid
P10240,L5658,2025-03-10,31385,Paid
P10241,L6205,2025-10-21,38587,Paid
P10242,L5849,2025-08-25,58131,Paid
P10243,L6572,2025-06-09,96019,Paid
P10244,L5081,2025-10-17,30653,Paid
P10245,L5523,2026-07-08,47790,Paid
P10246,L5003,2026-08-01,45018,Paid
P10247,L5494,2026-06-17,99430,Paid
P10248,L6578,2025-12-01,63992,Paid
P10249,L6074,2026-08-05,98378,Paid
P10250,L6284,2026-05-17,57840,Paid
P10251,L6157,2025-09-03,88184,Missed
P10252,L6622,2025-11-19,90943,Paid
P10253,L6385,2025-11-25,47561,Missed
P10254,L5567,2026-07-01,85594,Paid
P10255,L6240,2025-12-05,13070,Paid
P10256,L5877,2025-06-20,42025,Paid
P10257,L6091,2025-04-20,36779,Paid
P10258,L6011,2025-01-10,19616,Late
P10259,L6014,2025-07-21,98909,Late
P10260,L5863,2025-09-14,3797,Paid
P10261,L6579,2025-09-19,42889,Paid
P10262,L6166,2026-03-06,67390,Paid
P10263,L6369,2026-05-22,16594,Missed
P10264,L6577,2025-03-07,50754,Paid
P10265,L6674,2026-08-02,56639,Paid
P10266,L6608,2026-08-12,76226,Paid
P10267,L5778,2025-02-04,15669,Missed
P10268,L6217,2026-07-11,87509,Late
P10269,L6004,2026-05-06,24085,Missed
P10270,L6690,2026-08-03,31787,Paid
P10271,L6269,2025-09-11,93620,Paid
P10272,L5313,2025-01-17,27051,Paid
P10273,L5729,2025-09-18,58566,Paid
P10274,L5383,2025-09-13,53615,Paid
P10275,L6788,2026-02-28,80090,Paid
P10276,L5276,2026-05-16,55262,Paid
P10277,L6095,2025-10-13,40639,Paid
P10278,L6152,2025-01-07,81890,Late
P10279,L6381,2026-05-12,8289,Paid
P10280,L5697,2025-07-18,27744,Paid
P10281,L6548,2026-02-22,20945,Paid
P10282,L6243,2025-02-21,92779,Paid
P10283,L6029,2025-08-31,59964,Missed
P10284,L5750,2025-08-07,27227,Paid
P10285,L5982,2026-06-02,96284,Paid
P10286,L5623,2025-04-19,85494,Paid
P10287,L5227,2025-12-17,12934,Paid
P10288,L5016,2025-03-07,48530,Paid
P10289,L6608,2025-01-10,56168,Paid
P10290,L5011,2025-07-21,79086,Paid
P10291,L6621,2025-08-02,68095,Paid
P10292,L6522,2025-03-09,72560,Late
P10293,L5691,2025-11-23,34772,Late
P10294,L6657,2025-02-19,11722,Missed
P10295,L6739,2025-01-17,53142,Missed
P10296,L6525,2026-06-07,70656,Paid
P10297,L5069,2025-11-02,98625,Paid
P10298,L5107,2026-01-27,89884,Paid
P10299,L5200,2025-05-04,8877,Paid
P10300,L6075,2026-05-19,21904,Paid
P10301,L6572,2025-08-13,89328,Paid
P10302,L5628,2025-11-14,94573,Paid
P10303,L6282,2026-04-18,85871,Paid
P10304,L6505,2026-06-25,83195,Paid
P10305,L6287,2025-12-24,32684,Paid
P10306,L5905,2026-04-28,69500,Paid
P10307,L5302,2026-03-05,37902,Paid
P10308,L5936,2026-05-12,56606,Missed
P10309,L5575,2026-04-17,38571,Paid
P10310,L6577,2026-07-25,72447,Paid
P10311,L5554,2025-10-27,79752,Paid
P10312,L5124,2025-03-25,69944,Paid
P10313,L6293,2026-01-12,90157,Paid
P10314,L5858,2025-11-09,89513,Paid
P10315,L5744,2025-11-16,81731,Late
P10316,L5479,2025-07-23,46938,Paid
P10317,L5131,2025-12-21,60203,Paid
P10318,L6025,2025-10-21,60805,Paid
P10319,L5114,2026-05-19,75649,Paid
P10320,L5480,2025-05-25,43910,Paid
P10321,L5980,2026-06-23,25761,Paid
P10322,L6024,2025-01-17,27992,Missed
P10323,L5330,2026-07-29,82314,Paid
P10324,L6600,2026-07-30,90521,Paid
P10325,L5941,2025-02-08,58448,Paid
P10326,L5954,2025-05-10,72903,Late
P10327,L6660,2025-04-25,48447,Paid
P10328,L5767,2026-03-26,13786,Paid
P10329,L5390,2025-02-14,45706,Late
P10330,L5833,2025-08-04,99444,Paid
P10331,L5142,2026-08-23,79587,Paid
P10332,L5327,2026-02-19,18611,Missed
P10333,L6781,2025-09-22,7490,Late
P10334,L5627,2026-03-16,53004,Paid
P10335,L5376,2026-01-16,63634,Paid
P10336,L5089,2025-10-28,99849,Paid
P10337,L5807,2025-06-20,9377,Paid
P10338,L6020,2026-02-10,12903,Paid
P10339,L6065,2025-12-21,17567,Paid
P10340,L6058,2025-06-10,91421,Paid
P10341,L6011,2026-07-06,96758,Paid
P10342,L6517,2025-01-26,51556,Late
P10343,L5552,2025-03-24,29606,Paid
P10344,L5123,2025-06-22,85976,Late
P10345,L5056,2025-03-11,5260,Paid
P10346,L5805,2025-01-06,33267,Paid
P10347,L6479,2025-07-14,95538,Late
P10348,L5234,2026-06-09,61369,Paid
P10349,L5607,2025-03-04,53060,Paid
P10350,L5391,2025-01-13,19833,Paid
P10351,L6515,2025-07-24,6498,Paid
P10352,L5969,2025-02-09,68310,Paid
P10353,L6366,2025-06-14,49729,Missed
P10354,L6667,2025-01-31,13518,Late
P10355,L6199,2026-06-13,81037,Late
P10356,L5051,2026-02-02,25254,Paid
P10357,L6573,2026-04-04,84438,Late
P10358,L6501,2025-08-11,28545,Paid
P10359,L5488,2025-03-19,6345,Late
P10360,L5004,2026-08-23,83906,Paid
P10361,L6748,2026-03-04,59366,Late
P10362,L5631,2026-03-01,49721,Paid
P10363,L6232,2026-01-22,62829,Paid
P10364,L5216,2025-08-27,96767,Paid
P10365,L5535,2025-03-31,12642,Missed
P10366,L6365,2026-01-20,86375,Paid
P10367,L6740,2025-05-19,92217,Paid
P10368,L6424,2026-06-08,67533,Paid
P10369,L6485,2025-09-01,75571,Paid
P10370,L5737,2026-05-20,56382,Paid
P10371,L5729,2026-02-26,36299,Paid
P10372,L6234,2025-07-01,38035,Paid
P10373,L6049,2025-07-14,26583,Paid
P10374,L6275,2025-02-22,25105,Late
P10375,L5002,2025-06-28,84666,Late
P10376,L6025,2025-10-20,16736,Paid
P10377,L6627,2026-01-10,45281,Paid
P10378,L6025,2025-02-28,82351,Paid
P10379,L5149,2025-02-23,92932,Paid
P10380,L6606,2025-09-02,27312,Paid
P10381,L5003,2025-05-29,80780,Paid
P10382,L6520,2026-01-03,45668,Paid
P10383,L6573,2025-01-16,58652,Paid
P10384,L5467,2025-06-25,14718,Paid
P10385,L5069,2026-06-24,85320,Paid
P10386,L5200,2026-02-10,99219,Paid
P10387,L5307,2026-04-12,46997,Late
P10388,L6275,2025-05-09,34428,Paid
P10389,L6310,2025-08-11,61822,Paid
P10390,L5921,2025-09-01,29490,Paid
P10391,L5291,2026-03-02,53209,Paid
P10392,L6177,2025-12-20,50351,Paid
P10393,L5923,2025-11-22,44001,Paid
P10394,L6156,2025-01-03,48856,Paid
P10395,L5882,2026-04-24,19410,Paid
P10396,L5585,2025-03-22,55685,Paid
P10397,L6297,2025-02-13,38386,Paid
P10398,L6720,2025-06-04,77898,Paid
P10399,L5508,2026-06-20,92547,Paid
P10400,L6376,2025-04-09,75578,Paid
P10401,L5004,2026-02-01,28286,Late
P10402,L5292,2025-06-20,14391,Paid
P10403,L5359,2025-05-28,29999,Paid
P10404,L6621,2025-05-03,5018,Paid
P10405,L5213,2025-04-22,15952,Paid
P10406,L6429,2025-05-10,84776,Paid
P10407,L6459,2025-03-09,89798,Paid
P10408,L6038,2026-06-29,22282,Late
P10409,L6296,2025-10-13,90995,Paid
P10410,L5562,2025-01-05,57354,Paid
P10411,L5764,2025-04-28,20942,Paid
P10412,L5044,2025-08-18,63938,Paid
P10413,L5702,2025-06-09,4722,Late
P10414,L5633,2025-10-21,39820,Late
P10415,L6435,2025-07-05,70187,Late
P10416,L6210,2026-07-06,90142,Missed
P10417,L6749,2025-08-12,37546,Paid
P10418,L5660,2025-06-01,68030,Paid
P10419,L6193,2025-05-20,69219,Missed
P10420,L5720,2026-01-02,21394,Paid
P10421,L5593,2025-05-08,61559,Paid
P10422,L6424,2025-12-17,49705,Paid
P10423,L6731,2025-05-27,87502,Late
P10424,L5245,2025-10-12,29469,Late
P10425,L5856,2026-04-14,77041,Late
P10426,L5551,2025-08-06,64338,Missed
P10427,L6703,2026-03-12,8492,Paid
P10428,L5042,2025-05-25,19827,Paid
P10429,L5840,2025-10-04,30492,Paid
P10430,L6746,2025-03-01,71802,Paid
P10431,L5178,2026-01-10,74445,Paid
P10432,L6480,2026-02-08,15869,Paid
P10433,L5534,2025-04-24,42782,Paid
P10434,L5606,2026-05-10,24863,Late
P10435,L5671,2025-12-02,64987,Paid
P10436,L6267,2026-07-23,47055,Late
P10437,L5926,2025-10-12,76355,Late
P10438,L5016,2025-05-09,32136,Paid
P10439,L6135,2025-11-11,17837,Paid
P10440,L6638,2026-08-21,78592,Paid
P10441,L5825,2025-03-12,3715,Paid
P10442,L6621,2025-12-11,20275,Paid
P10443,L5546,2025-04-08,23191,Paid
P10444,L6053,2025-10-27,85420,Paid
P10445,L6215,2025-06-25,63126,Paid
P10446,L5436,2025-03-16,54792,Paid
P10447,L5178,2025-05-23,11894,Paid
P10448,L5615,2025-01-23,87253,Paid
P10449,L5676,2025-06-30,87114,Missed
P10450,L6497,2025-02-14,26321,Paid
P10451,L5633,2026-04-14,27959,Late
P10452,L6157,2025-04-02,13515,Late
P10453,L5801,2025-09-26,77613,Paid
P10454,L5311,2025-02-03,68196,Paid
P10455,L6759,2026-08-05,24443,Paid
P10456,L5024,2025-12-30,56550,Late
P10457,L5370,2025-05-13,78979,Late
P10458,L5524,2026-01-17,40208,Paid
P10459,L6342,2025-10-04,4783,Paid
P10460,L5229,2025-06-05,81649,Late
P10461,L6125,2026-01-22,73921,Paid
P10462,L6473,2026-06-19,9982,Paid
P10463,L5377,2025-07-19,81943,Late
P10464,L5887,2025-10-02,18316,Paid
P10465,L6226,2026-05-16,93374,Paid
P10466,L6290,2026-04-04,95743,Late
P10467,L5461,2025-02-19,96938,Paid
P10468,L5364,2026-06-16,70966,Paid
P10469,L6757,2025-04-02,5936,Paid
P10470,L5103,2026-04-01,80400,Paid
P10471,L6134,2025-12-05,93651,Late
P10472,L5427,2025-02-22,77843,Paid
P10473,L5468,2026-05-11,9709,Paid
P10474,L6014,2025-01-04,98390,Paid
P10475,L6604,2025-10-08,23707,Paid
P10476,L5869,2025-10-17,42384,Paid
P10477,L5769,2025-03-14,38187,Paid
P10478,L5679,2025-05-17,69935,Paid
P10479,L5804,2026-01-28,45536,Paid
P10480,L5885,2025-07-27,27188,Paid
P10481,L5560,2025-09-17,17245,Late
P10482,L6273,2025-09-20,91907,Paid
P10483,L6505,2026-05-20,35286,Paid
P10484,L5330,2026-07-04,90229,Paid
P10485,L5586,2025-07-22,37303,Paid
P10486,L5200,2025-12-13,89673,Paid
P10487,L5453,2025-02-21,44049,Missed
P10488,L6527,2026-08-16,83901,Paid
P10489,L6569,2025-12-22,59200,Late
P10490,L5825,2026-06-03,81986,Paid
P10491,L5110,2025-12-29,72726,Paid
P10492,L5863,2025-02-14,45861,Late
P10493,L5907,2026-01-13,46639,Paid
P10494,L6772,2026-02-16,26937,Paid
P10495,L6567,2025-05-22,62514,Paid
P10496,L6232,2025-09-15,75988,Paid
P10497,L6667,2025-02-06,6960,Paid
P10498,L6641,2025-02-14,42602,Paid
P10499,L5032,2025-02-15,98721,Paid
P10500,L5554,2026-07-19,13564,Paid
P10501,L5106,2025-10-28,68533,Paid
P10502,L6288,2025-10-15,50510,Missed
P10503,L5225,2025-09-26,8091,Late
P10504,L5486,2025-03-03,65335,Paid
P10505,L5178,2026-07-20,33519,Late
P10506,L6245,2026-08-04,6710,Late
P10507,L6393,2025-08-30,66564,Paid
P10508,L5636,2025-12-20,62977,Late
P10509,L5787,2025-03-12,67975,Paid
P10510,L5166,2026-02-17,60614,Paid
P10511,L5662,2025-03-02,10988,Paid
P10512,L6576,2026-03-28,38754,Paid
P10513,L5299,2026-01-28,96650,Paid
P10514,L6404,2026-06-13,26074,Paid
P10515,L5034,2025-11-01,24198,Paid
P10516,L5406,2025-07-10,79045,Paid
P10517,L6525,2025-03-19,28180,Paid
P10518,L5313,2026-07-12,51068,Paid
P10519,L5815,2026-06-09,19560,Paid
P10520,L5742,2025-10-28,45674,Paid
P10521,L5726,2025-01-17,68152,Paid
P10522,L5825,2026-07-28,41938,Paid
P10523,L6124,2026-03-10,38391,Paid
P10524,L5568,2025-02-12,31731,Paid
P10525,L6238,2025-03-09,87698,Paid
P10526,L6691,2026-01-15,28236,Paid
P10527,L5575,2025-07-31,40133,Paid
P10528,L5061,2025-07-22,79915,Paid
P10529,L5368,2025-04-19,7340,Paid
P10530,L6391,2025-10-11,73291,Late
P10531,L6597,2025-08-13,51731,Paid
P10532,L5093,2025-04-28,60428,Paid
P10533,L6492,2025-12-06,55822,Paid
P10534,L5983,2025-10-08,44866,Paid
P10535,L6049,2026-05-06,88441,Paid
P10536,L6458,2025-01-19,86795,Paid
P10537,L6144,2025-06-24,99791,Paid
P10538,L5049,2026-04-14,44813,Paid
P10539,L5882,2025-05-22,69042,Paid
P10540,L5763,2026-04-08,77135,Paid
P10541,L5035,2025-10-25,90310,Missed
P10542,L6433,2026-04-15,11715,Paid
P10543,L6312,2026-01-08,90533,Paid
P10544,L6402,2026-04-13,58902,Paid
P10545,L5099,2026-03-14,17783,Late
P10546,L6347,2026-03-19,99798,Missed
P10547,L5328,2026-04-01,92012,Paid
P10548,L6671,2025-09-05,70933,Paid
P10549,L5705,2025-05-22,43680,Paid
P10550,L5220,2026-02-06,96011,Paid
P10551,L5566,2025-08-10,62179,Paid
P10552,L5995,2025-07-03,42970,Paid
P10553,L6021,2025-12-30,76236,Paid
P10554,L5109,2025-07-07,7718,Paid
P10555,L5148,2025-04-23,30111,Paid
P10556,L5405,2025-06-30,41718,Paid
P10557,L6697,2025-07-18,78769,Paid
P10558,L5698,2025-03-11,82707,Paid
P10559,L6016,2026-08-21,13726,Paid
P10560,L6433,2026-04-30,95304,Paid
P10561,L6152,2026-02-03,20139,Paid
P10562,L6507,2026-07-05,68681,Paid
P10563,L5107,2025-01-10,47782,Paid
P10564,L5388,2025-01-03,22958,Late
P10565,L5424,2026-04-23,94739,Missed
P10566,L5446,2025-03-08,24307,Paid
P10567,L5917,2025-04-07,72134,Late
P10568,L6091,2026-06-15,16583,Paid
P10569,L6089,2025-11-14,20013,Late
P10570,L5655,2025-04-08,50984,Late
P10571,L6588,2025-02-26,47874,Paid
P10572,L6663,2025-04-17,43197,Paid
P10573,L6527,2025-03-29,12096,Paid
P10574,L6527,2026-01-06,74091,Late
P10575,L5320,2026-01-10,76533,Paid
P10576,L5718,2025-02-21,79345,Paid
P10577,L5727,2025-02-10,95901,Paid
P10578,L5579,2025-04-01,28618,Missed
P10579,L5446,2025-02-08,94500,Missed
P10580,L6597,2025-01-13,12868,Paid
P10581,L5209,2025-04-14,24882,Paid
P10582,L5848,2025-02-12,23639,Late
P10583,L5369,2025-07-28,39963,Late
P10584,L6587,2026-08-23,63464,Paid
P10585,L6651,2026-04-21,32470,Paid
P10586,L6481,2025-04-19,73714,Paid
P10587,L5576,2026-07-13,66670,Paid
P10588,L6665,2025-08-02,79434,Paid
P10589,L5688,2026-02-13,74102,Paid
P10590,L5789,2026-07-07,23353,Paid
P10591,L5991,2025-03-18,41188,Paid
P10592,L5162,2025-04-05,36375,Paid
P10593,L5976,2025-09-26,74210,Paid
P10594,L6355,2025-12-27,25272,Late
P10595,L6687,2026-06-14,24716,Missed
P10596,L5349,2025-06-11,92276,Paid
P10597,L6771,2026-04-10,91706,Late
P10598,L5669,2026-07-18,38162,Paid
P10599,L6491,2026-07-02,79587,Late
